,Job ID,Stage-1 Processing Time,Stage-2 Processing Time,Stage-1 Machines,Stage-2 Machines,Due Time
1,1,6.209142223432006,3.7409555960684324,"3,5,6,7,8,9,12","1,2,3,4,5,6,7,8,9,10,11,12",17.038492310659223
2,2,6.678460414383672,6.37896902800979,"4,8,11","1,2,4,5,6,7,8,10,11,12",16.124131703627647
3,3,2.700068948209683,6.375722186223659,"1,2,3,5,7,8,10,11,13","1,2,3,4,5,6,11,12,13",21.79122535866803
4,4,5.230707261581942,6.760966603846519,"2,3,4,5,8,9,10,11,12,13","1,6,7,9,11,13",15.707900075070608
5,5,9.455544132270397,2.5969854713550014,"5,6,11,12","1,2,3,4,5,7,8,9,10,11,12,13",23.909358525072257
6,6,7.170972216262051,4.916088051027497,"5,7,8",3,19.91690371928656
7,7,4.934945569498258,4.207782505164839,"5,7,9,11","1,4,5,7,8,9,10,12",10.118454979136605
8,8,9.890423261601365,0.0,"1,2,3,4,5,6,7,8,9,10,11,12,13",N/A,22.18388951478159
9,9,6.786897486683813,8.623080107455198,"1,2,3,5,6,7,9,10","1,7",18.35648498690777
10,10,8.760560383056262,3.3107050970248952,"5,7,12","8,10",14.702367565066638
11,11,9.304952778657967,0.0,"4,7,8",N/A,22.3153071711228
12,12,7.060933403479367,0.18393940870284453,"2,3,6,8,9,11","1,2,3,4,5,6,7,8,9,10,11,12,13",9.92526591880446
13,13,3.6584954949922563,0.7027684558998015,"2,3,5,6,7,8,10","1,2,3,4,5,8,9,10,11,12,13",8.677904772560073
14,14,1.9664324536115951,0.0,"1,2,3,4,5,7,8,10",N/A,18.25377588937973
15,15,1.291526547455597,6.9823811766386115,4,"1,2,3,4,5,6,7,8,9,10,11,12,13",12.578007985776978
16,16,4.438190621762774,1.7085642142150925,"1,4,5,8,10","7,9,12",23.774118305738735
17,17,0.21602892234666604,0.0,13,N/A,14.393334621036121
18,18,1.821772262333401,0.0,"1,2,3,4,5,6,7,8,9,10,12,13",N/A,22.738482086590196
19,19,5.922795182549909,0.2034700309796178,"4,9,10,11,12","1,2,3,4,5,7,8,9,10,12,13",11.28678768749418
20,20,4.078310404561613,4.317267825504598,"1,2,3,4,5,6,7,8,9,10,11,12,13",2,9.136030331560308
21,21,9.148027590963245,0.0,"2,3,4,5,6,7,8,9,10,11,12,13",N/A,16.168113674594654
22,22,9.607658245724569,9.776443739332674,"4,10","2,13",20.05116335744851
23,23,4.928809489678182,0.0,"1,2,3,4,5,6,7,8,9,10,11,12",N/A,19.534147951354246
