,Job ID,Stage-1 Processing Time,Stage-2 Processing Time,Stage-1 Machines,Stage-2 Machines,Due Time
1,1,7.731447425592606,6.674584975604759,"4,5,7,8,9,10,13,14,15","2,4,5,7,8,9,10,11,12,13,15,16,17,18",22.864404392319216
2,2,3.724984484456506,1.1104724260797605,"1,3,6,7,8,9,10,16,17,18","1,5,7,9,10,13,16,17",5.355638805946139
3,3,9.10335819689806,1.0502890928024766,"3,6,7,8,10,12,13,18","1,2,3,5,8,9,10,11,15,16,18",17.560096645205935
4,4,0.35509789850767914,4.393361848095144,"2,3,4,5,7,12,13,14,15,16","3,6,8,9,10,15,16",7.120001586220644
5,5,2.7111463229869583,9.973128226205851,"1,2,4,7,9,12,13,14,15,17","3,4,5,8,10,11,13,14,15,18",20.054236223913463
6,6,0.5846940962406177,8.739368956072438,"1,2,4,5,6,8,9,10,12,13,14,15,16","1,2,3,5,7,8,9,10,11,13,16,18",18.438193017605784
7,7,1.164789744412369,7.579889654910823,18,"1,2,3,4,5,6,7,8,9,10,11,14,15,16,18",17.54595590524752
8,8,1.097399499438676,9.33647724752679,"8,17","2,3,5,7,10,11,13,16,18",23.70144512249574
9,9,8.241888300158415,5.041106862952935,"1,4,5,8,9,10,11,12,13,14,15,17,18","1,2,3,4,5,7,8,10,11,12,13,14,17,18",21.87162039059503
10,10,9.455131796460307,6.611517341358555,"3,4,7,8,11,12,15,16,18","1,2,3,4,7,8,9,10,11,12,13,15,17,18",20.307305590806
11,11,3.300606958996836,6.1107051655284605,"3,5,7,8,10,11,13,16","3,4,7,9,10,11,16,18",18.9651965390212
12,12,8.679471998144772,8.503454023953203,"1,2,4,5,8,9,10,11,12,13,17","2,7,9,12,16",22.86307430206062
13,13,1.680883822141117,5.3697921893370175,"1,3,8,9,15,18","4,6,8,9,10,13,16",16.5385291726055
14,14,5.926183040691766,5.898914563887057,"1,11","3,10,11,12,15,16",13.448136039001911
15,15,6.848613202823874,0.0,"4,7,8,10,12,15,16",N/A,16.465433563145222
16,16,7.159427551799482,5.9261341621001185,"5,7,8,10,11,12,13,15","1,9,11,12,13,15,16",21.164003047429315
17,17,8.31292107996722,0.0,"2,5,10,11,12,13,18",N/A,18.2607795680104
18,18,1.280962892460894,7.7381002987877405,"1,2,4,5,6,7,8,10,11,12,13,14,15,16,18","6,11",19.375545314290825
19,19,5.123247891399575,1.465025666734776,"2,4,6,9,12,13,14,15,16,18","5,6,11,12,14,16",21.08853499773234
20,20,0.06766486863955645,7.406387997092931,"5,6,7,8,11,14,16,17","1,5,9,12",14.667878675143037
