,Job ID,Stage-1 Processing Time,Stage-2 Processing Time,Stage-1 Machines,Stage-2 Machines,Due Time
1,1,4.1627785422954435,7.047283525873213,"1,2,3,4,6,8,9","3,11,13",14.967109252180771
2,2,8.358595185862875,7.721031977548513,"1,2,3,4,5,6,7,8,9,10,11,12,13,14","2,3,4,5,7,8,9,11,12,13,14",19.825993128558824
3,3,4.057472511633159,9.132786405717795,"3,5,6,7,10,13","9,10,12",17.853206178042385
4,4,6.245950028071816,7.320872780808073,"2,7,13","1,2,3,4,5,6,7,8,10,11,12,13,14",18.955601572925403
5,5,7.729329438626915,7.148786732201558,"1,3,4,5,6,7,8,9,10,11,12,13,14","8,9,13,14",19.443602630496493
6,6,7.99945067985241,0.0,"1,2,12",N/A,21.907452293821432
7,7,4.548818193039176,4.6609905495932225,"4,12","1,2,3,4,5,6,7,8,9,10,11,12,13,14",15.761479802586097
8,8,3.019624471717126,6.259150472267504,"1,2,3,5,6,9,11,12,13,14","1,2,3,4,5,6,7,8,9,10,11,12,13",20.952590391014766
9,9,0.9610125206504128,9.164480656767687,"5,8,9","3,10,11",17.537395501343173
10,10,4.8870002034052344,1.3852908330218694,"3,5,6,8,9,11,12,14","1,2,4,7,8,10,12,13",14.558851100195454
11,11,6.432893953817156,0.0,"1,2,4,5,6,7,8,9,10,11,12",N/A,21.412109252370634
12,12,5.352594202526464,0.0,"1,2,3,4,5,6,7,8,10,11,12,13",N/A,16.782872975915776
13,13,0.576090601627719,0.0,"2,3,4,5,7,8,9,10,11,12,14",N/A,12.623819656366404
14,14,4.61928726514929,3.115572321970724,"2,5,12","1,2,3,4,5,6,7,8,9,10,11,12,13,14",9.399788977862626
15,15,1.6166550757062392,3.8753717460115067,"1,2,3,4,5,6,7,8,9,10,11,12,13,14","3,6,8,10,12",22.442987701454115
16,16,4.904916435942779,1.8468281970686218,"7,9,11","1,2,3,4,5,6,7,8,9,11,13",9.532835343651538
17,17,6.275366877927198,7.209181388928676,"1,2,3,5,6,7,9,10,11,12,14",6,15.768128632139366
18,18,6.828160192679974,2.6176948451372537,"3,4,7,10,12,13","3,4,5",20.53096034720995
19,19,2.3145829459858502,4.658432156139758,"5,6","4,6,8,9,10,11,12,14",7.816142684403412
20,20,4.736035757807321,8.326801382857493,"1,4,5,7,8,9,10,11,12,13,14","1,3,4,5,7,9,10,12",23.14218084263782
21,21,8.871026812481634,9.465889033969011,"7,9","1,3,5,6,8,11,13,14",21.973099096742747
22,22,0.39153136947297495,2.379432895068969,"1,5,11,14",12,14.375093768905597
23,23,6.806849828745336,0.0,"3,4,7,11,12",N/A,14.249535324406226
24,24,6.231035353106609,2.176223126355471,"1,2,3,4,5,6,7,8,9,10,11,12,13","1,2,3,4,5,6,8,9,10,11,13,14",9.904842822337656
25,25,3.5936135770248834,8.208111431039388,"1,4,6,7,8,9,10,11,12,13,14","2,3,4,9,10,11,13",18.256795505848416
