,Job ID,Stage-1 Processing Time,Stage-2 Processing Time,Stage-1 Machines,Stage-2 Machines,Due Time
1,1,1.3255266128547527,9.910028732976667,"2,4,5,6,8,9,11","1,4,5,11",21.990213976063167
2,2,1.5738676198323365,7.687804605452485,"2,3,7,10","1,2,3,4,5,8",16.19410376534458
3,3,5.644833959579081,7.092863763654348,"4,9","1,2,3,4,5,6,7,8,9,10,11",16.233852785431484
4,4,1.0844003292227078,2.778214199440745,"2,3,4,6,7,8,10,11","2,4,7",19.084956155490595
5,5,3.0240254476075856,0.0,"7,9",N/A,12.474932499115978
6,6,3.175696808213658,0.0,5,N/A,11.464367866872173
7,7,6.146139697533178,1.0593100013135859,"2,4,5,6,7","1,4,6,7,8,10,11",17.342263413355823
8,8,9.5451811554026,0.4409540649257848,7,"8,11",22.863009641188135
9,9,4.464180490233195,0.0,"1,3,4,6,8,10,11",N/A,12.072913144913048
10,10,9.726899695024793,3.057331932743186,"1,2,3,4,5,6,7,8,9,10,11","7,9",15.503968575438055
11,11,0.06377688996603514,6.328967272732201,"2,4,6,7","1,2,3,4,7,8,9,10",12.581239944354312
12,12,8.512936759342022,9.895386126638627,"2,5,8,9,10","6,9,10,11",19.075861812199886
13,13,7.52277025767214,4.602054553576474,"2,3,6,7,8,9,11",5,19.52465160697674
14,14,0.27106759300462246,1.3648014960261612,"1,2,3,6,7,10","1,5,8,10",11.30945405032484
15,15,0.7326669829308463,3.088916086235838,"3,4,5,7,8,11","2,3,5",6.67073176483882
16,16,4.395615463932306,5.733575909565527,5,"4,6,8,9,10",16.13205361106926
17,17,2.829054789966241,0.0,"2,4,5,6,8,10",N/A,23.325276896625326
18,18,8.997201618012692,1.253507386994538,"1,6,7","2,3,4,5,6,7,8,9,10,11",21.893164504225908
19,19,0.5235191194188471,0.0,9,N/A,22.641288679683388
20,20,8.665817183568212,3.3960248028404605,"1,2,3,4,5,6,7,8,9,10,11","1,3,4,5,6,7,11",23.85372498323364
21,21,2.5844744668730324,8.531463201489093,"1,2,3,4,5,7","1,2,3,4,5,6,7,8,9,10",20.73315070104337
22,22,0.41598339075757496,0.0,"5,8,10",N/A,23.176483341907613
