,Job ID,Stage-1 Processing Time,Stage-2 Processing Time,Stage-1 Machines,Stage-2 Machines,Due Time
1,1,5.168513306439432,2.8037302024433943,"1,2,4,7,8,9","4,5,7,8",8.047738019271632
2,2,8.824583038996835,0.04803773303276637,"2,3,4,5,6,7,8,9,10","1,2,3,4,5,6,7,8,9,10",15.437018570621952
3,3,1.6377434956091563,9.20029788141669,"1,2,3,4,5,6,7,10","1,3,4,5,6,7,8,9,10",21.156431684412418
4,4,0.5267771449321546,6.837027926335101,"1,3,4,5,6","3,6,9",18.89410962927269
5,5,2.958093248639745,0.0,"2,4,7,8,10",N/A,5.29175774353951
6,6,3.5981567782392943,1.624803406523504,"1,3,4,5,6,7,8,9,10","2,3,4,5,6,7,8,10",17.824521196371986
7,7,7.811017369358434,9.562259220780227,"3,4,6,7","1,2,4,5,6,7,8,9,10",19.486679086376324
8,8,5.88903097380464,0.4619137561643971,"1,3,4,5,6,7,8,9","1,2,3,7,9,10",15.428420520150125
9,9,8.527292243932102,2.872944799647014,"2,3,5,6,7,8","1,3,5,7,8,9,10",16.000289801377935
10,10,5.195250606053379,4.940762050699535,"1,2,4,6,7,9,10","1,3,4,5,6,8",10.406019891922785
11,11,3.323649888681782,5.075254623760252,"1,4,5,6,7,9,10","1,2,4,5,6,7,9,10",21.883568947483617
12,12,5.812620130723224,3.89479076730195,5,"8,10",23.219808736318793
