,Job ID,Stage-1 Processing Time,Stage-2 Processing Time,Stage-1 Machines,Stage-2 Machines,Due Time
1,1,6.505099962920102,7.570765115898272,"1,3,5,6,11,12,13,14,15","1,2,3,9,11,12,14,15,17",14.653284913375161
2,2,7.855216512854533,3.960685220861826,"1,2,5,7,8,9,10,11,12,13,15,17","2,4,6,9,11,17",15.69062476942912
3,3,3.809152015671007,6.033101068129312,"1,2,5,6,7,9,10,11,15,17","1,2,4,6,7,8,9,10,11,12,13,14,15,16,17",16.302515297409393
4,4,0.4953914039965013,0.27889378810098786,"6,17","1,2,3,4,5,6,7,8,9,10,11,12,13,14,15,16,17",12.291660224463042
5,5,0.3600444800385427,5.396375456975733,"1,2,3,4,5,6,7,10,11,12,13,14,15,16,17","1,2,3,4,5,6,7,8,9,10,11,12,13,14,15,16,17",5.766888080836659
6,6,0.9518332765734772,2.04648725447244,"1,6,8,11,16,17","2,3,4,5,6,7,8,9,10,11,12,13,14,15,16,17",5.0494455567480205
7,7,0.6522234042038988,5.05805289954064,"1,2,3,4,5,6,7,8,9,10,11,12,13,14,15,16,17","1,2,4,5,6,7,9,10,11,12,13,14,15,17",10.580963993780953
8,8,6.816679688476937,4.498652130182946,"1,2,3,4,5,6,7,8,9,10,11,12,13,14,16,17","1,3,7,16",18.308693753178055
9,9,8.565533297908065,8.269874573007769,"2,9,14","1,2,6,7,8,13,14,15,16",21.109661431032926
10,10,8.317238948594367,1.6045138916221802,"1,2,8,12,15","2,17",11.947192879371238
11,11,6.681274335689511,0.9641076122697423,"1,4,12,15","4,8,12",13.11954533671912
12,12,6.080139483429651,9.077374019503935,"1,2,3,4,5,6,7,8,9,10,11,12,13,14,15,16,17","1,3,4,5,6,7,9,10,11,12,14,15,16,17",15.255667055098693
13,13,1.6425132913723306,0.25017927407410934,"1,2,3,4,5,7,8,9,10,11,12,14,15,16,17","4,6,9,15",12.84084216944694
14,14,3.6822585836044173,1.3159467415210413,"3,4,5,6,9,10,11,14,16","1,9",12.55731690931176
15,15,0.6052299011152129,1.500089348547472,"1,2,3,4,6,7,8,10,11,12,13,15,17","1,2,3,4,5,6,7,8,9,10,11,12,13,14,15,16,17",11.272300209883491
