,Job ID,Stage-1 Processing Time,Stage-2 Processing Time,Stage-1 Machines,Stage-2 Machines,Due Time
1,1,8.927581041318058,3.8163314608728482,15,"4,10,12",18.334825464523018
2,2,2.8516170438975497,5.05626879968726,"2,11",12,15.135316821371106
3,3,4.348508536898673,8.254997021300166,2,"1,6,7,8,9,10,11,12,13,14",17.393342138413928
4,4,3.423034359452455,4.754587085074266,"1,3,4,5,7,8,11,12,14","1,2,3,4,5,7,8,9,10,11,12,13,14,15",18.418586011839267
5,5,8.952210578609813,0.0,"10,12",N/A,15.982756799653062
6,6,9.30937443181616,9.149832200902555,"1,2,10,12","2,4,6,8,10,11,12,14,15",23.71514377990188
7,7,7.942776031267521,7.425500800089182,"1,2,4,5,6,7,8,10,13,14,15","3,7,9,10,12,13,15",23.818066590749943
8,8,7.069298256128053,0.8475540041472118,"1,2,3,4,5,7,8,9,11,12,13,14,15","1,4,5,8,13",22.82636311639385
9,9,5.761602750039371,3.862996296791125,"2,3,4,5,6,10,11,15","1,2,3,4,5,6,7,8,9,10,11,12,13,14,15",16.257230665413296
10,10,7.596009709030924,1.832214481779818,"4,5,6,9,10,12,13","1,2,3,4,5,6,7,8,9,10,11,12,13,14,15",10.545587792628819
11,11,0.8175669129519048,8.941808967861585,"5,12,14,15","2,3,4,5,7,9,10",10.119804284321013
12,12,6.8951738606103135,5.035777625266968,"1,2,4,5,6,8,10,14,15","1,2,3,4,5,6,7,8,9,10,11,12,13,14",13.274712423732911
13,13,1.5831797038381523,0.6699958840924358,"1,3,5,6,7,8,9,10,11,13,14,15","1,2,3,5,6,7,9,12,13,14,15",19.17217592308018
14,14,4.7608634863312735,7.814745417138086,"1,2,3,4,5,6,7,8,9,10,11,12,13,14,15","8,11,13,14,15",16.029310437009556
15,15,9.705011780599364,3.3216828982069577,"4,6,7,9,12,13,14","1,2,4,5,6,8,10,12,15",19.33972568497646
16,16,8.333103301439905,0.05189056470553566,"3,8,12,14",2,20.67929028561717
17,17,4.300045309988258,1.3232924670815205,"2,4,10,12,14","3,10,12,14,15",13.192946062706106
18,18,4.049422577845213,6.88714244682536,"1,3,5,7,9,12,13,14,15","1,2,3,4,5,6,7,8,9,10,11,12,13,14,15",17.34578180055876
19,19,7.962866466642568,6.39385174283118,"2,5,11,13","4,6,13",14.557778026830992
20,20,6.842714992967301,7.948611637380627,"1,2,3,4,5,6,7,9,10,12,13,14,15","5,9",21.536530558898974
21,21,3.974831373841349,7.2899628553836,"2,3,8,14","1,3,4,5,7,9,10,11,12,13,14,15",15.933543764421156
22,22,9.75349284433742,0.0,10,N/A,19.165600507744383
