,Job ID,Stage-1 Processing Time,Stage-2 Processing Time,Stage-1 Machines,Stage-2 Machines,Due Time
1,1,1.9950722282927735,8.550806516487032,"1,2,3,4,5,6,7","4,6",22.415129527375868
2,2,9.856098170684195,7.3029305425124065,"2,5",6,17.757044631196006
3,3,7.178843021802351,3.563184821717067,"1,2,3,4,5,6,7","2,3,6,7",17.77522284567855
4,4,2.866239449752086,6.97626432602473,"1,4,7","1,2,3,7",21.44760560411772
5,5,1.303556132044218,0.0,"1,6,7",N/A,19.887536239630577
6,6,7.565925009234763,0.0,"1,2,4,7",N/A,23.743222018159464
7,7,0.761164282009702,4.821086676204823,"1,2,3,4,7","1,2,3,4,5,6,7",8.342513637503043
8,8,3.664584103836731,6.6164726749515275,"1,3,5,6","1,2,3,5",23.548893812695646
9,9,4.949861458075409,1.4547290714101369,1,3,10.717685339212004
10,10,9.792495173605314,9.042326702051485,"2,3,4,5","1,2,3,4,5,6,7",22.022745763117097
11,11,7.580558167123791,3.489679293684611,"1,2,3,4,5,6","1,2,3,4,5,6,7",18.270936963971323
12,12,8.860110501235685,5.901198099806173,"3,5,6","1,2,4,5",15.22786240910086
13,13,8.51094343588861,0.5285776294546229,"1,2,3,4,6,7","1,2,3,4,5,6,7",19.146786952469945
14,14,8.620789373379216,6.425197448047154,"1,3,4,6,7","1,3,5,6,7",23.517678545681832
