,Job ID,Stage-1 Processing Time,Stage-2 Processing Time,Stage-1 Machines,Stage-2 Machines,Due Time
1,1,9.960307510400453,5.939639914206519,"1,7","1,2,4",23.96821509707825
2,2,7.979626169630642,0.23677516501273366,3,"1,2,5,8",12.93135452681394
3,3,5.214420739323523,0.0,1,N/A,16.04883454780064
4,4,2.29342969887665,1.191284899206384,"1,2,3,5,6,7","2,5,8",19.49946269690752
5,5,6.809788495151842,9.65793124371325,"3,8","2,3,4,5,6,8",23.13339028693659
6,6,7.062047415115216,4.260863026173112,"5,6,7,8","1,3,4,6,8",21.669278324703775
7,7,0.9826596196042792,8.382020517595237,"2,3,4,7","1,2,4,5,6,7,8",18.859513282470367
8,8,8.960577942953542,0.0,"3,4,7",N/A,19.718745967969763
9,9,8.529246998378122,5.840323914515924,"3,4,5,6,7,8","2,4,8",16.75926826549389
10,10,1.0164688887018758,2.031855597945892,4,"1,2,3,4,5,6,7,8",7.095459427709841
11,11,3.15314379123056,0.0,"2,7,8",N/A,9.626528669762234
12,12,5.534993447349306,7.908826992838701,"3,4,7","3,5,8",22.640524323833862
