,Job ID,Stage-1 Processing Time,Stage-2 Processing Time,Stage-1 Machines,Stage-2 Machines,Due Time
1,1,4.487966914187229,0.0,"1,3,4,5,6,7,8,10,11,12,13",N/A,19.713916297853224
2,2,8.993864142913942,6.2982768433293055,"1,2,3,6,7,9,10,11,13,14","4,12",18.004719891112682
3,3,0.11094541584787287,0.0,"2,4,5,8,9,11,12,13",N/A,16.137373073365545
4,4,8.895124316398146,0.0,"2,4,5,6,10,11",N/A,19.80569938403457
5,5,1.432142451695223,2.484402850831402,"1,4,6,9,10,12,13,14","1,2,5,8,9,10,11,12,14",23.031868809639413
6,6,9.869192726088814,0.0,"4,5,6,8,9,11",N/A,17.64426500024382
7,7,6.612923155585846,0.0,"1,2,3,4,5,7,8,9,10,11,12,13",N/A,20.093021309844218
8,8,9.12945381281209,5.290873801468035,3,"2,3,4,5,7,9,10,11,12,13",23.278649422475958
9,9,7.6518745816592,0.3884730151402982,"3,8","2,4,12",23.5069746200046
10,10,7.857207503548805,0.0,"1,2,3,4,5,6,7,8,9,10,11,12,13,14",N/A,16.17723446718489
11,11,8.619396418642589,5.532630498703499,"5,7,9,14","5,7,14",15.046618560469227
