,Job ID,Stage-1 Processing Time,Stage-2 Processing Time,Stage-1 Machines,Stage-2 Machines,Due Time
1,1,7.200637402147518,2.563784572906771,"1,2,5,6,7,8,11","1,2,8,9,11",13.541919930264612
2,2,3.132788219901317,9.49824636742098,"1,2,5,6,7,8,9,10,11,12","1,2,3,4,6,7,8,9,10,11,12",19.96683033254075
3,3,7.265729356330281,2.9798148943034475,"1,2,3,4,5,6,7,8,9,10,11,12","7,9,12",19.555072928609263
4,4,7.106427004167099,0.38972150686587104,"1,2,3,6,7,8,9,11","1,2,4,7,8,9,10",11.647575603982247
5,5,4.604223908849187,0.0,"2,3,4,7,8,11,12",N/A,13.170371611570605
6,6,9.46972972910289,5.317978731778707,"1,3,4,6,10,12",11,18.555449652058734
7,7,0.7969385114335414,0.43055770877404864,"1,3,5,7","1,3,4,5,6,7,8,9,10,11,12",14.032479438698521
8,8,6.32865199739563,4.35923075585677,"1,2,3,4,5,6,7,8,9,10,11,12","2,8,9,10,11,12",12.378887035232836
9,9,1.1415366098871316,9.006173048898967,"1,3,4,5,6,10,11","1,2,3,5,7,9,10,12",23.43255206644298
10,10,9.881704380184907,8.951353057240375,"2,4,8,10","2,3,5",21.945827650894053
11,11,4.624807562499056,0.0,"8,9,10",N/A,12.140768983161005
12,12,2.3259940756678397,0.8371330792712384,"10,12","1,2,3,4,5,6,8,9,10,11,12",19.996534568965203
13,13,1.8856814023011326,3.198813856294481,"1,7,11,12","1,7,8,10",5.9658805447168906
14,14,6.7544103358132945,7.896444526381773,"5,6,7,8,9,10,11","1,3,4,5,6,7,8,9,10",19.88151136040921
15,15,2.9200669003817925,0.0,"1,3,7,8,9",N/A,17.279429275586764
16,16,9.456589703088964,2.42679163379236,"1,2,3,4,6,7,9,10,11,12","1,6,8,9,11",16.212089139302194
17,17,9.863271489826468,0.0,"1,2,3,4,5,6,7,8,9,10,12",N/A,14.517636782064576
18,18,0.6089176786473338,0.0,"1,2,4,5,6,7,9,10,12",N/A,11.238638293205995
19,19,5.921722707376599,5.433218570911519,"4,8,9,10,12","8,9,12",21.44970672171081
20,20,2.9126967877661194,5.2392753941621955,"1,2,3,4,5,6,7,8,9,10,11,12","1,3,4,9,10,11,12",20.39061027644673
21,21,5.028963683455462,0.0,"2,6,7,10,12",N/A,14.788488247335597
22,22,8.789654062507218,2.348375298709441,"4,7,10","1,2,3,4,5,7,8,9,10,11,12",13.700184724021703
23,23,6.322746393938676,5.30275625778839,7,"5,6,7,8,9,10,11,12",13.402260316282199
24,24,7.738938668993802,7.187210365871104,"1,2,4,5","2,3,4,5,6,8,9,10",21.211487209710093
25,25,5.677967955713904,0.06986699693058429,"1,2,5,6,9,11,12",11,8.75207808984682
26,26,8.306900772113243,1.917875049823946,"1,2,4,5,6,7,9,10,11,12","3,4,5",14.828361885041101
