,Job ID,Stage-1 Processing Time,Stage-2 Processing Time,Stage-1 Machines,Stage-2 Machines,Due Time
1,1,2.1145336107346258,1.3201247593069798,"1,2,6","7,9",8.094461993483915
2,2,3.3085078902165277,8.116897570546303,"2,4,5,6,8,9,10","1,2,3,4,5,7,8,9,10",12.333448173311252
3,3,4.420723558155977,7.697050522183258,"1,8","2,3,6,7,8",20.09274848681205
4,4,9.853579364850857,2.6385628689056437,"3,7,10","1,2,6,8,9",14.50778236701327
5,5,0.03881877452730831,0.0,"1,2,3,5,6,9",N/A,11.177379560091715
6,6,5.116706637489736,0.4765797065081656,5,"1,3,4,5,6,7,8,9,10",17.840817728356715
7,7,6.138771738578708,2.036725418370846,"1,2,3,4,5,6,7,8,9,10","3,4,6,7",17.531024643695833
8,8,9.232215671959484,7.603416412430239,5,"1,2,3,4,5,6,7,8,9,10",22.830227731878026
9,9,1.212165489344208,9.077724692919407,"1,2,4,5,6,7,8,9",9,17.600745329600034
10,10,5.8563255266302505,6.706131197833769,"1,2,3,4,6,7,9,10","1,2,3,4,5,6,7,8,9,10",16.045481499827428
11,11,4.655186988319792,6.685826487811544,8,"1,2,3,4,5,9,10",16.883064091222412
12,12,9.588408991626098,8.025229756863931,"1,2,3,4,5,6,7,8,9,10",3,21.682047362719693
13,13,2.8445620448017053,1.4240047412725299,"1,3,5,6,7,10","1,2,3,4,8,9,10",10.639163827814944
14,14,9.987221045553484,7.553298390084141,5,5,22.05024478119428
15,15,6.887229936643592,0.0,"2,3,5,7,8,9,10",N/A,16.88036716610256
