,Job ID,Stage-1 Processing Time,Stage-2 Processing Time,Stage-1 Machines,Stage-2 Machines,Due Time
1,1,3.7512025559485354,1.7013152286760902,"1,5,6,7,9,10",9,18.87691784572516
2,2,6.506112661759813,1.6654598010058463,"4,6","7,9",9.07626969359554
3,3,3.403144917294326,8.821676455302216,"4,7,8,9,10","3,6",21.31135276417117
4,4,4.094171417290283,0.0,"1,6,7,8,9",N/A,14.248568635265375
5,5,3.623673975656189,2.810514922437756,"2,3,5,6,8,10","1,2,3,4,5,6,7,8,9,10",15.85330853653479
6,6,9.390123431797935,1.1505713439819776,"1,2,3,4,5,6,7,8,9,10","1,3,8",14.788791341776282
7,7,7.667450854803639,8.487755775973346,"1,2,3,4,5,6,7,8,9,10","2,4,5",17.933442346755566
8,8,2.6668324398386622,0.21538414370065873,2,"1,2,3,4,5,6,7,8,9,10",22.5816327670527
9,9,0.5384217554107751,9.108407706779774,"5,7,9,10","4,5,9",21.682771785487482
10,10,8.508781846253745,5.42564728882585,"1,2,3,5,6,9","2,5,6,7,9",16.911008774847698
11,11,4.6909908691707,0.0,1,N/A,10.217921020202189
12,12,1.2654299918277623,5.973012439930367,"1,4,8,10","1,2,3,4,6,10",17.727118169171288
