,Job ID,Stage-1 Processing Time,Stage-2 Processing Time,Stage-1 Machines,Stage-2 Machines,Due Time
1,1,8.722393994549352,2.3711778508175607,"2,7,8,9,10","1,2,3,4,5,7,8,9,10,11,12,13,14,15,16,17,18,19",14.503956630026039
2,2,4.776612073075759,0.0,"1,2,3,4,5,6,7,8,9,10,12,14,15,16,17,18,19",N/A,21.402524957002655
3,3,7.778131873667203,0.0,"2,3,5,6,8,9,10,11,12,13,14,15,16,17,18,19",N/A,19.252508180060396
4,4,3.6696854976836812,3.5275845045679377,"2,5,6,7,10,11,13,14,16,17","1,2,5,7,11,12,14,17,18",9.247198411385959
5,5,1.800186901742108,5.01218393828424,"1,4,6,7,11,12,13","1,3,7,8,9,10,11,12,13,14,15,16,17,18,19",15.362903357380286
6,6,6.447518599773824,7.788107969956765,"1,7,17,19","14,17",19.778602826862254
7,7,5.801085039772312,0.0,"2,3,4,7,8,9,10,11,12,14,15,16,17,18,19",N/A,14.10768024075269
8,8,6.704791251073683,0.10780435811836409,13,"3,6,7,8,11,15,17,18,19",15.008994051653072
9,9,9.948969753645263,0.0,"2,10,14,17",N/A,20.687357832211596
10,10,1.367812333859112,0.36604878358900694,"1,2,3,4,5,6,7,8,9,10,11,12,13,14,15,16,17,18,19","3,6,8,12",14.78241744450187
11,11,8.693862007336424,6.479913870294896,"2,4,6,11,12,13,14,15,16,17","1,2,3,4,5,7,8,9,10,12,13,16,17,18",16.103254456541208
12,12,6.078920169692977,9.981776978465511,"1,2,3,4,6,9,10,11,12,13,14,15,16,18,19","1,9",22.714402568592114
13,13,6.977785426542086,7.696647850544038,"1,2,3,4,8,9,10,11,12,13,14,16,17,18","1,4,5,8,9,10,11,13,14,15,16,19",16.789540744826265
14,14,8.990881769479515,9.685571880661426,"1,2,3,4,5,7,8,9,10,11,12,13,14,15,16,17,18","1,2,4,5,7,8,9,11,14,15,16,19",23.14017955703507
15,15,9.677437449145252,7.491518982368715,"1,2,3,4,6,7,8,10,11,13,14,15,18,19","1,3,4,6,7,8,9,10,11,12,13,15,16,17,18",18.23116303209294
16,16,2.8047540172056893,6.624115097233282,11,"1,7,8,10,13,14,15,16,17,18",9.609861383468987
17,17,5.48103202401106,9.3367484252752,"2,6,10","9,11,19",18.728689412869848
18,18,3.0921129495461486,9.86028319772443,"8,9,13,16","1,2,3,4,5,6,7,8,9,10,11,12,13,14,15,16,17,18,19",20.96475061148739
19,19,6.369128472101457,0.0,"7,8,9,10,13,14,15,17,19",N/A,23.482384157638684
20,20,2.9383629543610725,7.2177222960852125,"1,3,5,6,10","1,3,4,5,6,7,8,15",14.793696504925812
