,Job ID,Stage-1 Processing Time,Stage-2 Processing Time,Stage-1 Machines,Stage-2 Machines,Due Time
1,1,6.475846975085436,0.0,11,N/A,18.283719541778552
2,2,7.964853402592715,2.9161518950370233,"1,2,3,4,7,8,9,10,11,13","1,2,4,6,7,8,9,10,13",23.531961153816738
3,3,8.561457569842025,3.5066621316877553,"1,2,3,5,6,8,10,11,12,13",4,15.266119879558907
4,4,5.868088803570193,0.0,"2,3,4,6,8,9,10,11,13",N/A,14.049599233944488
5,5,4.9305282848821665,8.07759065577468,"2,5,7,8,10,11","1,2,3,6,7,8,9,10,13",21.24627048833131
6,6,6.678076248618353,9.145114448007355,"1,2,4,7,8,9,10","2,5,6,7,8,9,10,11,12,13",18.00464406992365
7,7,8.15238209829568,4.15919322983838,"2,5,6,12,13","2,3,4,5,6,7,8,9,10,11",23.84259573840954
8,8,5.251620569313889,8.505038102835565,"2,4,5,6,9,10,12,13","1,2,3,4,5,6,7,8,9,10,11,12,13",21.664754002263564
9,9,4.157455994770066,7.688365434029355,3,"1,3,4,10,12",16.83016275624543
10,10,8.995964551296275,0.0,"6,8,10,11",N/A,16.60206955422745
11,11,9.52894966901373,0.0,"5,7,8,12",N/A,20.61299417181319
12,12,0.7008911466942125,4.840057175733412,"1,2,3,4,5,6,7,8,9,10,11,12,13","1,2,3,4,5,6,7,8,9,10,11,12,13",6.1047559809933345
13,13,6.4394663778729155,7.282263863021674,4,"3,8,10,12,13",18.030112392137237
14,14,1.6498142665900695,3.839689015637777,"10,12","1,3,4,5,6,7,8,9,10,11,12,13",10.4415305430992
15,15,8.290840268853795,0.7467603193498673,"2,8","3,4,8,12,13",17.68522329551803
16,16,6.12184692425746,2.0168350282490257,"1,6,12","1,3,4,5,6,7,8,10,11",18.006221821226237
17,17,5.562250923815597,1.186054008934193,"1,3,6,8","1,6,9,10,11,12,13",20.37381441914076
18,18,2.773360039338285,0.0,"1,8,9,11,13",N/A,9.066221208487107
19,19,3.801653189220595,5.966563538119647,"1,3","1,2,4,6,8,9,10,11,13",12.11621462760941
20,20,5.112969254321332,0.0,"1,2,3,5,6,7,9,10,12",N/A,23.332511878116343
21,21,7.523775511469914,1.4361886142896274,"2,8","12,13",19.246003693674428
22,22,4.216249637887659,3.978249216290487,"1,12",6,13.155729199960483
23,23,2.934660844131277,3.86651313755387,1,"2,6,8,9,10,13",9.63544718811151
24,24,4.943509907889187,4.366155666022934,"1,4,5,6,10,12,13","1,2,3,5,6,8,9,11,12,13",18.294354075671166
25,25,2.108419155323941,0.0,"1,2,3,4,5,6,7,8,9,10,11,12,13",N/A,7.709458383246215
26,26,5.134967578417996,8.7757163364931,"1,2,3,5,8,9,10,13",2,18.789690408815556
