,Job ID,Stage-1 Processing Time,Stage-2 Processing Time,Stage-1 Machines,Stage-2 Machines,Due Time
1,1,0.9013698148664828,1.5771837810009026,"1,2,3,4,5,6,8,9,10,12,13,14,15","1,2,4,7,11,15",22.775044903621367
2,2,6.2074668484756295,1.7722595032106858,"1,2,3,4,5,6,7,8,9,10,11,12,15","1,2,3,4,5,6,7,8,9,10,11,12,13,14,15",11.064388538055388
3,3,6.481740742991176,6.317359005870725,"1,2,3,4,5,6,7,8,9,10,11,12,13,14,15","1,6,10,11,13",16.195680393835833
4,4,7.759279055787002,4.970971397511726,"1,2,3,4,5,6,7,8,9,10,11,12,13,14,15","1,4,12,15",20.020423864534035
5,5,9.883080917625994,0.0,"1,2,4,5,6,7,8,9,11,12,13,14,15",N/A,15.811889731012446
6,6,1.1685584900550428,6.5666218732847135,"3,7,10,12","1,3,4,7,8,10,15",8.07163959868206
7,7,9.854525714828736,9.32943961026912,"1,3,4,6,7,8,9,10,11,12,13,14,15","2,5,6,7,8,10",23.298218430325356
8,8,0.2681942546913063,3.419423227787457,"1,4,5,6,9,10,12,14,15","5,8",21.76777958995604
9,9,8.978398224405655,7.4624406406378565,"3,7,10,12,13,14,15","5,8,9",22.661585673178998
10,10,7.201998770360695,9.360161878985016,"1,2,3,4,5,6,7,8,9,10,11,13,14","1,2,3,4,5,6,7,8,9,10,11,12,13,14,15",23.187212744479787
11,11,5.605521948626787,9.698912668749571,"1,2,3,4,5,8,9,10,11,13,15","1,6,8,9,11,13,14",22.07796417251071
12,12,1.6040477211371496,0.0,"1,2,3,4,5,6,7,8,9,10,11,12,13,14,15",N/A,18.043262417694876
13,13,9.205129622304861,0.0,"6,7,9,14,15",N/A,14.680561329258705
14,14,1.3015063889790535,0.0,"1,2,3,4,5,6,7,13,14,15",N/A,22.636760013217454
15,15,6.418115590184544,8.028693085640011,"1,2,4,5,6,7,8,10,11,12,13","1,2,3,4,5,6,7,8,9,10,11,12,13,14,15",21.645451370640608
16,16,7.9202456852257175,0.0,"1,11,14",N/A,20.63373625072447
17,17,0.370170258066973,4.768822341386332,"3,4,6,8,9,10,12,13,14,15","4,5,8,11",12.032324300548721
18,18,1.4721865922581656,1.0680797154184074,"1,4,5,6,8,12,15","1,2,3,4,5,6,7,8,9,10,12,13,14,15",5.251068445116993
19,19,0.5371433923254421,5.2407432095366655,"1,3,5,7,8,9,10,11,12,13,14","1,2,3,4,5,6,7,8,9,10,11,13,14,15",10.812009979756997
20,20,7.339218576223456,4.945845355755708,"4,6,12","1,2,3,4,5,6,7,8,9,10,11,12,14,15",20.514080370618267
