,Job ID,Stage-1 Processing Time,Stage-2 Processing Time,Stage-1 Machines,Stage-2 Machines,Due Time
1,1,0.2349456501578251,8.610114634843754,"1,3,4,7,8,9,10,11,12,13","2,4",10.294905771375685
2,2,6.776320401668792,6.782521463924879,11,"5,6,10,12,13",16.900766995717408
3,3,1.050497878832496,7.3002383906239565,13,"1,3,5,8,10,11",14.425991649177378
4,4,9.508364479557997,0.0,"1,3,4,9",N/A,18.742519383563227
5,5,7.771300642383964,8.622041142251568,"1,3,7,11,14","4,8,9,10,11,12,13,14",20.864649064853523
6,6,9.815431916355475,1.9218008763646555,"1,2,3,4,5,6,7,8,10,11,12,13,14",3,20.41528686762966
7,7,8.566830698324944,0.0,"2,4,5",N/A,17.77838963270798
8,8,6.280887714965086,2.3496645861242724,"1,2,6,7,8,9,10,11,14","8,12",12.62202613347744
9,9,1.203412662779647,0.0,"1,2,3,4,6,7,9,11,12,13,14",N/A,23.265098230729546
10,10,6.730373796425892,8.094527425392334,"1,3,4,7,9,10,11,12,13","2,3,5,6,7,8,9,10,11,12,13,14",17.53815600912488
11,11,4.319430644882884,4.2101811812349865,"2,5,12","5,6,10,11,12,14",18.563185831909713
12,12,9.758727272066459,5.596892952864705,10,"5,8,10,12",15.548845382985514
