,Job ID,Stage-1 Processing Time,Stage-2 Processing Time,Stage-1 Machines,Stage-2 Machines,Due Time
1,1,9.999755283145248,5.635383856083349,"3,5","1,3,6,7,8,9,10",17.77056779559086
2,2,0.5190449842822498,0.45090256521138294,"2,5,6,7,8,10","5,6",8.861414306245136
3,3,6.4160004431942195,6.0311217090147995,"1,2,3,4,5,6,8,9,10,11","1,2,3,4,5,6,7,8,9,10,11",21.76883139964375
4,4,4.1786359153136265,9.460271618338048,"1,2,5",1,13.754532617050337
5,5,4.398050903403226,5.9393290567229675,"2,4,5,6,7,8,9,10,11","1,3,4,6,7,8,9",22.02346516331785
6,6,7.223518884075494,5.985779282816733,3,"4,5,6,7,9,10",17.659307906913554
7,7,8.205500139575214,0.0,"2,4,6,8",N/A,22.383801987396026
8,8,7.6328426601754105,3.371625755449237,"1,2,3,4,5,7,8,9,11","1,2,4,5,6,7,10",23.188273536528246
9,9,9.841399140844269,6.894442655806787,"5,7,8,9,11","1,2,4,5,7,8,9,10,11",22.746895180541944
10,10,1.3872058538048293,0.0,"1,2,3,4,5,6,7,8,9,11",N/A,8.820801852157382
11,11,6.661748370208011,9.669014653044844,"1,2,3,4,5,6,7,9,10,11","1,2,3,4,5,6,7,8,9,10,11",18.51243540803317
12,12,6.852822646392118,6.6963791479812524,"1,11",8,14.459773496862724
13,13,4.071690853115623,2.787770060412118,3,"2,4,6,7,9",16.604522582003312
14,14,0.9782539056381423,0.0,"1,2,3,4,5,6,7,8,9,10,11",N/A,10.841459947321898
15,15,3.3109812259810587,0.0,"4,6,8,9,10",N/A,17.42648222737149
16,16,9.54270795452996,4.188265709506754,"1,2,4,6,10,11","7,8",16.97546742561418
17,17,3.730026694332922,0.0,"1,3,11",N/A,20.629307887675623
18,18,9.402259938951286,8.645592629585972,"1,3,4,5,6,8,9,11","1,2,3,5,6,7,9,11",23.029129996469432
19,19,2.0228352430712313,2.7719961785617886,"1,2,3,4,5,6,7,8,9,10,11","1,2,3,5,6,9",9.43333893765119
