,Job ID,Stage-1 Processing Time,Stage-2 Processing Time,Stage-1 Machines,Stage-2 Machines,Due Time
1,1,0.0237774828822912,8.09502491938909,"4,7,8,9,11","1,2,4,6,7,8,10,11",9.552151167689313
2,2,1.3952920207816055,7.022445171761216,"2,3,5,7,8,10","3,5,8,11",11.902922654949109
3,3,6.186210234159936,6.578701947098638,"1,2,3,4,5,6,8,9,10,11","1,3,5",16.98801125413817
4,4,8.266790638996502,7.942573443288008,"1,2,3,4,7,9,10,11","1,2,3,4,5,6,9,10,11",21.23322351499807
5,5,8.250871955955834,0.6625347542087556,9,"4,5,8,10",22.374589595388734
6,6,6.406488846656371,1.0469148590913202,"2,5","1,3,4,6,8,10",14.715757682176594
7,7,4.143104549090779,0.0,"1,4,6,8",N/A,22.206826101314356
8,8,9.695791023262574,1.9904312441872585,"1,2,3,4,5,6,7,8,9,10,11","6,9",21.18023497815293
9,9,9.597484755980748,4.446637350944988,"1,3,4,5,6,7,9,10,11","3,4,5,8",21.28643053143174
10,10,7.728724082430531,0.6653247178842692,"1,3,6,8,9",9,13.907737734182657
11,11,3.0577157904035426,0.0,"2,6",N/A,17.71187512025772
12,12,6.770993660705031,1.6017217455927502,"1,4,5,6,7,9,10,11","1,2,3,4,5,6,7,8,9,10,11",13.046373185219501
13,13,3.112361514942934,6.120929953638318,"1,4,7",11,14.254830212971367
14,14,3.1658307056370614,7.795350484176504,"1,3,4,8,11","1,2,6,7,9,10,11",15.883561503688894
15,15,5.913244350815944,9.195170781885388,9,"1,4,6,7,8,9,10,11",17.514828139540672
16,16,3.1227472936423792,8.595445113340384,"1,2,3,4,5,6,7,8,9,10,11","2,6,7,8,9,10",15.777098655587972
17,17,4.790532600437942,0.44614858492698306,"2,3,5,7,9,10,11","1,2,3,4,7,8,9,10",5.590287335708015
18,18,0.3218180108426383,0.0,"3,4,5,11",N/A,23.580507269919867
19,19,6.068796604737717,1.5520659225585454,"1,2,3,4,5,6,7,8,9,10,11","2,3,8,10",15.674875990107907
20,20,0.13311026074488197,6.114939560894072,1,"1,2,3,9,11",13.253722220428632
21,21,8.783861494571193,6.925856779952165,"3,4,5,6,7","1,2,3,4,6,7,10,11",16.20477330103633
22,22,4.8080991597590135,0.3801020351090645,"1,2,3,4,5,6,8,9,10,11","2,6,7,10,11",7.957682610235324
23,23,5.8296281201995885,4.360520437861086,"1,2,3,4,6,8,9,10,11","1,2,3,4,5,6,8,10,11",14.788058380319109
24,24,6.535973616048464,0.0,"1,3,4,5,6,7,8,10,11",N/A,16.62270128531766
25,25,0.7669666309095202,3.451674577156477,10,"1,2,3,4,5,8,10,11",8.574062713214566
26,26,8.53211663144667,3.599641313332149,"4,5,6,7,8,9,10,11","1,2,3,5,6,7,8,9,10,11",17.76632305267469
