,Job ID,Stage-1 Processing Time,Stage-2 Processing Time,Stage-1 Machines,Stage-2 Machines,Due Time
1,1,6.099117942929145,7.274054619436614,"5,7","1,2,4,5,6,7,8,9,10,11,12,13,14,15,16,17,18",22.45517767113006
2,2,5.730008792858343,1.4282807725686675,"4,11,13,14","1,2,3,4,5,6,7,8,9,10,11,12,13,14,15,16,17,18",17.298527843325964
3,3,1.6399645996605206,9.386325894273101,"1,5,6,7,8,9,14,15,16","4,5,10,11,13,14,15,16,17,18",16.545525901342586
4,4,0.019471624824323186,0.0,"1,6,8,9,11,12,18",N/A,21.07424382506777
5,5,4.858976521148079,2.5704838041898115,"2,3,4,6,7,8,9,10,14","1,2,4,5,6,8,9,11,13,14,15,17,18",13.12977474244744
6,6,1.3414531858031975,0.0,"2,3,4,5,6,7,8,9,10,11,12,13,14,15,16,17,18",N/A,6.20940862792436
7,7,2.770155679848684,0.0,"2,3,4,5,6,8,9,10,11,12,13,15,16,17,18",N/A,12.990142984979721
8,8,9.539845490731997,7.197493177851097,11,"1,3,4,5,6,7,8,9,11,12,13,14,16,18",17.73275356910763
9,9,2.559358534380639,8.575843967391624,"1,2,3,4,5,6,7,8,10,11,12,13,14,15,16,17,18","2,4,5,6,7,8,9,10,11,12,13,14,16,17",23.011946423676285
10,10,9.109178359318555,0.17826304276424954,"3,4,8,9,14","1,2,4,6,7,9,14,15,18",16.02062393534519
11,11,0.934081409877533,7.405884363397187,"1,4,5,6,7,8,10,11,12,13,14,15,16,17,18","4,6,7,10,11,14,16",13.816822487991018
12,12,1.4412184686068552,5.947209931023999,"2,3,5,9,14,15,16,17","1,3,6,9,13,16,17",23.437402225269135
13,13,2.091030084530142,3.6755617123966857,18,"4,8,17,18",15.644017269775954
14,14,0.16426309902602299,8.699650776101729,"3,4,5,6,8,10,12,13,14,15,16,17,18","1,2,10,17",12.852969029001892
15,15,1.679426388629166,5.143770449034111,"3,4,6,7,10,11,15,16,17,18","1,2,3,4,5,7,8,9,10,11,12,13,14,15,16,18",21.128479403171212
16,16,9.499738915185672,0.24347795124723515,"1,2,3,4,5,6,7,9,11,12,15,16,17,18","1,3,5,6,7,8,10,11,12,13,14,15,16,17",16.75665570708182
17,17,2.2285751617005136,1.3061393599039062,"1,2,3,4,6,9,10,12,13,15,16,17,18",18,16.080956008594388
