,Job ID,Stage-1 Processing Time,Stage-2 Processing Time,Stage-1 Machines,Stage-2 Machines,Due Time
1,1,9.322078430934305,7.857740345324257,"1,2,3,4,5,6,7,8,9","1,2,3,4,5,7,8,9",21.32538236095103
2,2,6.988341596361333,0.0,"3,6,7,9",N/A,15.030904166117711
3,3,1.737142569085598,5.078664852560944,"1,2,3,7,8,9",9,9.003899001265374
4,4,7.665567928960173,2.5953878015029384,"1,2,3,4,5,6,7,8,9","4,7,8",19.44118151280047
5,5,7.949781371656951,1.2519733495360952,"2,4,7","1,3,4,5,6,7,9",13.250832734847792
6,6,8.254127355397664,0.0,5,N/A,22.864585701281285
7,7,7.7127607161129355,7.898185326985089,"1,2,4,5,7,8","1,2,3,4,5,6,7,8",23.69993255659989
8,8,6.583019916985904,3.375485089821643,"1,2,3,5,6,8,9","2,3,4,6,7,8,9",17.611990616931692
9,9,7.740469267291466,0.0,"1,2,3,4,5,6,7,8,9",N/A,14.797045187404432
10,10,5.770490117839477,3.0237891642608616,"7,9","1,4,5,7,8,9",10.820253346160555
11,11,5.981830876592998,3.682425841000694,"1,2,3,4,5,9","2,4,5,6,7",10.82115371341003
12,12,4.230714149792448,0.0,"2,3,7",N/A,20.22485785435697
13,13,2.1700639487505358,1.8903176421229673,1,"1,2,3,4,5,6,8,9",5.623906142178755
14,14,4.0822612238004155,0.0,"1,2,8",N/A,14.516858169897308
15,15,1.9407334088210115,3.4577298550279445,"2,3,4,6,7,8,9","1,2,4,5,6,8,9",18.157934499006622
