,Job ID,Stage-1 Processing Time,Stage-2 Processing Time,Stage-1 Machines,Stage-2 Machines,Due Time
1,1,8.614560714012203,3.884757642790093,"4,5","2,5,9",20.34044975186128
2,2,3.5407086092603834,0.9403653076681628,"3,6,8","2,10",18.292101715020227
3,3,2.259505248202184,6.940253174747934,"1,2,3,4,6,7,8,9,10","5,8,10",13.852079539874278
4,4,9.156296295494005,3.4861209553342487,"1,2,3,4,5,7,10","6,9",15.255701175453183
5,5,0.9874394684206045,1.6716632469076764,1,"1,2,3,5,6,7,8,9,10",19.48566107281637
6,6,2.817725256410253,0.0948380710371588,"2,3,6,8,10","2,4,5",4.1384462554286126
7,7,1.5730131077462217,1.173739220517137,"1,2,4,7,10",4,12.086336707008787
8,8,7.577720626473906,1.942852065358286,"2,3,4,6,7,8,9","1,2,3,5,6,7",17.786526863609126
9,9,1.9003035677254454,0.0,"1,4,6,7,9",N/A,17.2989144059148
10,10,3.235465767279806,9.454165192443304,"1,2,3,4,5,6,7,8,9,10","1,2,4,6,7,9,10",17.824972218571983
11,11,6.546677693514022,0.7293817424849547,"1,2,3,4,5,6,7,8,9,10","1,2,4,5,8,9,10",16.783738122918457
12,12,9.643711571420736,8.051069373323731,"1,3,4,6,7,8,9,10","1,3,4,6,9,10",18.649672421992896
13,13,9.489313752862005,7.123272214092867,"1,5,8",9,20.026695048994256
14,14,2.3412406248477744,8.868493578642001,"1,2,3,4,5,6,7,8,9,10","1,3,7",13.517355555087214
15,15,9.148056436529746,6.293864735789292,"1,2,3,4,5,6,7,8,9,10","2,5,8,10",22.232537175055928
16,16,8.617602186115976,4.283957050836196,"2,3,5,6,7,10","3,5,6,7,8,9",19.17553510144808
17,17,5.42491789263736,5.245864390763123,"2,3","1,2,3,4,5,6,7,8,9,10",22.608354624427093
