,Job ID,Stage-1 Processing Time,Stage-2 Processing Time,Stage-1 Machines,Stage-2 Machines,Due Time
1,1,8.208807263402168,0.0,"1,2,3,4,6,7,8,9,10,11,12,13,14,15,16,17",N/A,20.350048256965245
2,2,8.291190659312358,2.0522837141372143,"3,4,5,9,11,14","1,4,5,7,10,11,12,16",18.779362650011244
3,3,5.540783562582914,5.246683203446083,"1,2,3,4,5,6,7,8,9,10,11,12,14,15,16,17","1,2,3,4,7,9,13,15,17",17.358027928773634
4,4,1.976053697768294,2.1888123295333592,"2,3,4,8,9,10,11,13,14,15","6,7,11,13,16",12.788322636894744
5,5,3.1518573963718897,8.594556866873141,"1,2,3,4,5,6,7,8,9,10,11,12,13,14,16,17","1,2,3,4,5,6,7,8,9,10,11,12,13,14,15,16,17",13.532933361275274
6,6,8.56597480732377,2.7051412110744852,"1,2,14,15,16","1,4,6,10,11,12,15,17",14.784866486026486
7,7,8.313748115962447,0.0,"1,2,3,4,5,6,7,9,10,11,12,15,16",N/A,18.675569911598583
8,8,1.303534149538893,3.9077845163771197,"2,5","1,2,3,4,6,8,10,13,15,16",21.61794479324527
9,9,0.9095683745976058,3.1061366288081693,"1,2,3,5,7,8,10,11,12,14,15,16","1,2,3,5,7,12,14,16",5.136721654001266
10,10,1.4629518549999576,4.571421442972666,"1,2,3,6,7,8,9,12,13,15,16,17","1,3,4,5,6,7,9,10,11,13,16,17",14.878369979340382
11,11,8.232744661255985,0.0,"3,5,6,7,8,9,12,14,15,16",N/A,19.388563274833842
12,12,3.902410598192713,0.0,"1,11,12",N/A,6.373976696378357
13,13,2.8008626216028745,0.0,"1,4,5,6,7,9,10,11,12,13,14,16,17",N/A,9.182262358738823
14,14,1.6059369065087392,0.0,"1,3,4,5,6,8,9,11,12,13,14,16,17",N/A,12.98538089870566
15,15,3.008306702731719,5.175834760817747,"1,2,3,4,5,6,7,8,9,10,11,12,13,14,16,17","7,9,10,13",8.35286913076512
16,16,0.6243036982823824,6.948337536342926,"1,3,4,6,7,8,10,11,12,14,15,16","5,10",19.186663770947654
17,17,7.505664033407513,5.124435159246779,8,"2,3,4,5,6,7,8,13,14,17",19.876457886550032
18,18,8.705398269592626,3.4227629069169607,"6,7,9,12,13,14,17","1,2,3,4,5,6,7,9,10,11,12,13,14,15,17",17.172453555422948
19,19,1.376466957878012,6.41953590034329,"1,2,3,4,5,6,7,10,12,13,16,17","1,2,3,4,5,6,7,8,9,10,11,12,13,14,16,17",18.09146668821324
20,20,3.7108403626625384,6.068183335139214,"2,3,7,8,9,11,12,13,14,15,16",11,22.936563986103394
21,21,8.902331922820599,3.5300192856998436,"2,3,4,7,8,9,10,11,12,13,15,16,17","6,7,10,12,13",20.891056319982187
22,22,3.777879558451861,4.223759272526937,"1,2,3,5,6,7,8,9,10,11,13,15,16,17",6,16.299442851971627
23,23,9.452957261391607,0.777092876177855,"1,2,3,4,6,7,8,9,10,11,12,13,14,15,16,17","7,12",19.49874148259679
