,Job ID,Stage-1 Processing Time,Stage-2 Processing Time,Stage-1 Machines,Stage-2 Machines,Due Time
1,1,6.169692419275265,7.383086982171073,"9,12","1,2,3,4,5,6,7,8,9,10,11,12,13",23.20752172246369
2,2,4.369950411517455,5.586723610072434,"1,3,4,5,12,13","4,5,6,7,8,9,11,12",11.479835083744659
3,3,4.398504538708174,0.8092325252494381,13,"1,2,4,5,6,7,8,9,10,11,13",17.961241516623033
4,4,0.12510108338284587,6.117672670189305,"1,2,3,4,5,6,7,8,10,11","1,13",9.577558427590766
5,5,2.082493642306076,9.652273219058468,"1,2,3,4,5,6,7,8,9,10,11,12,13",10,18.47894804163418
6,6,9.4151721581951,0.0,"1,4,5,7,9,13",N/A,15.775034525369712
7,7,3.112062135538726,1.3933796696717693,"9,10,13","1,2,3,4,5,6,7,8,9,10,11,12,13",22.823457073776602
8,8,2.7724636826578477,4.165995653268943,"1,2,4,6,8,9,10,11,13","1,5,7,8,9,11,12",20.921232795966148
9,9,0.8094150554488599,9.466086345477382,"1,2,3,4,6,7,8,9,10,11,12,13","1,2,3,4,5,6,9,10,12,13",17.95716098281071
10,10,6.895953861621913,0.025124532381527453,"1,2,3,6,11","1,3,4,5,6,7,8,9,10,11,12,13",20.825469295762975
11,11,7.116644144821378,0.5676145875121985,"2,3,5,8,9,10,13","2,5,6,8,13",15.826491420017351
