,Job ID,Stage-1 Processing Time,Stage-2 Processing Time,Stage-1 Machines,Stage-2 Machines,Due Time
1,1,5.652434999276787,2.965814757409928,"8,10","1,2,3,4,5,6,7,8,9,10,11",11.999065950177293
2,2,2.3763613587194854,6.5205007553326,10,"2,4,11",11.612248430915582
3,3,0.7631172916025841,0.924949328568021,"1,3,6,7,8,9,10,11","2,5,7,8,9",10.675251507664951
4,4,1.4033054337781115,2.059312185792489,"5,7,8",4,8.462759366040505
5,5,0.9834383291066551,0.7901519366716059,"2,4","1,2,4,6,7,8,9",11.793021646066647
6,6,9.83010163543438,0.0,"1,2,4,5,6,7,8,10,11",N/A,18.345491398460663
7,7,6.330733799032025,6.0839635236933045,"2,5,6,9,10,11","1,5,7",19.23067759422108
8,8,5.71754896789661,0.0,9,N/A,14.650577235170111
9,9,0.22577063651627927,8.830975291855927,"1,4,5,9","1,2,3,4,5,6,7,9",20.30808209376162
10,10,4.749330645066813,7.675396105484693,"9,11","4,5,7,8,9,10,11",16.265795403868356
11,11,6.308942744899566,1.5055127063020801,"4,5,6,9,10,11","2,4,5,6,7,9",11.749021889110292
12,12,8.249003469137019,4.512359390949121,"2,3,4,5,6,8,10,11","3,11",15.111643237251982
13,13,8.253042336752806,0.0,"2,3,4,5,6,7,9,10,11",N/A,14.470791471188729
14,14,7.351121608844467,2.4324300078718375,"1,3,4,8,10,11","3,11",13.405196357348492
15,15,5.986194818167213,0.0,"1,2,3,4,5,9,10,11",N/A,13.259980303864412
16,16,1.4162012385535572,9.621855469609985,"6,7,11","1,2,3,4,5,8,9,10,11",11.387274644442137
17,17,3.792708244250478,3.569405911876682,"4,7,10","1,2,4,5,6",22.83931729617256
18,18,6.26817665635407,0.0,"2,8",N/A,23.36223065011032
19,19,5.900916724293705,2.9222398286926565,10,"1,2,5,6,7,8,10,11",10.769621737740437
20,20,1.722103663216099,0.0,"1,3,6,7,10,11",N/A,11.986235216181278
21,21,9.903048202783474,0.5454938572126011,"1,2,4,7,8,9,10,11","2,5,8,9,10,11",17.513724999417374
22,22,6.979369166494179,9.18781559674074,"2,5,6,7,8,9,10,11","3,5,7,8",19.819444711800895
