,Job ID,Stage-1 Processing Time,Stage-2 Processing Time,Stage-1 Machines,Stage-2 Machines,Due Time
1,1,8.928344271020272,0.0,"1,2,3,4,6,7,8,9",N/A,18.30941489347729
2,2,2.9324237170733025,2.1085569792241388,"7,8","6,8",10.169152280595013
3,3,5.311035474563947,0.0,"3,4,5,9",N/A,15.130353650854927
4,4,2.2745049985619104,5.754839088866941,"3,5","2,5,6",8.357903546678681
5,5,4.426859648533346,8.177795313166188,"4,6,7","1,2,4,5,6,7,8",15.636758564121966
6,6,5.253502467685495,0.645883569173844,"1,2,3,5,6,7,8,9","1,4,6,8",13.972112182789132
7,7,0.37757226309885206,1.0134277506126776,"4,6,8,9","4,5,6,9",4.012044758194188
8,8,7.256185137466859,0.0,"1,3",N/A,17.110930520882558
9,9,8.059826532818906,9.62338057581219,"1,3,4,5,6,7,8,9","1,2,3,4,5,6,7,8,9",19.919160644758126
10,10,2.5466598561519085,0.0,"3,5,7,8",N/A,23.284907273697893
11,11,1.0341630693708614,7.054679201245864,"1,7","6,7,9",13.671121299774285
12,12,4.620245924956505,7.6960655924465025,"4,6,7,8,9","1,4,5,6,7,8",18.916076679087126
13,13,0.6501550595992067,4.4974207490838705,"1,3,4,7","2,5,9",6.401198407325696
14,14,9.486153989571076,7.8207528956286225,"5,6,7","1,2,3,4,5,6,7,8,9",17.405208036027204
15,15,3.9830065529503687,6.558866352398319,"1,2,3,4,5,6,7,8,9",7,18.310639448519858
16,16,9.548100191737333,8.613061058428736,"1,2,4,5,6,7,8,9","1,3,4,7,8,9",20.49297076576478
17,17,4.7604174969894855,0.9407587179042565,"2,4,7,9","1,3,4,5,6,8,9",6.2107326622137276
18,18,3.428128163025778,5.135637186149539,"1,3,4,5,8,9","1,2,3,4,5,6,7,8,9",14.63628494178878
19,19,2.4961425831659048,1.3281121137498486,"7,8","2,3,7",5.5038329984037
20,20,1.3466033472614702,6.775536005203492,"1,2,3,4,5,6,8,9","2,3,4,6,7",8.896780609600413
