,Job ID,Stage-1 Processing Time,Stage-2 Processing Time,Stage-1 Machines,Stage-2 Machines,Due Time
1,1,7.730098911595253,4.954706291408972,"2,3,4,6,8,9,12,13,14,15,16,18",11,15.723183197244753
2,2,7.27880253526208,5.230213107202689,"9,10,12,15,18","8,13,15",21.584007184471155
3,3,4.786025611636239,9.934772184641988,"3,4,7,11,12,13,14,15,16,17,18,19","4,5,9,10,11,12,16,18",17.023385964205968
4,4,3.438716143157017,0.7252827306847198,"3,5,6,8,10,11,12,13,14,15,16,17,18,19","3,8,10,14,16",10.956063436214553
5,5,8.74636382151001,6.5003887119611745,"2,3,7,8,9,11,12,14,15,17,19","7,8,11,18",16.515416962815127
6,6,6.668704297669582,2.892807271390173,"1,3,4,7,10,11,12,13,15,16,17","5,8,18,19",17.63565586016825
7,7,9.741116630270012,0.0,9,N/A,22.17505716241346
8,8,5.967703163390553,6.939028966308851,6,"2,3,5,9,18",19.179989154678317
9,9,5.955178324259505,4.108031373264494,"2,5,6,7,8,10,11,12,13,16,17,18,19","1,2,3,4,5,6,7,8,9,10,11,12,13,15,16,17,18,19",11.894765840587372
10,10,7.203413308561252,9.816174124234163,"1,2,3,4,6,7,8,9,11,12,13,14,15,16,17,18","1,3,4,8,9,11,13,14,15",18.094199694144883
11,11,4.045153242636007,0.0,"4,8,10,11,12,14,15,16,17,18,19",N/A,13.784725951395764
12,12,8.975802012119132,4.024057417084443,"1,2,5,7,8,9,13,15","1,2,3,5,8,9,11,12,19",20.009775966234983
13,13,5.425462561418188,0.0,"2,4,6,9,12",N/A,21.014248836086622
14,14,6.456375274157841,0.0,"3,5,13",N/A,17.281176304106744
15,15,5.955682670384238,1.3413891815954315,2,"1,2,3,4,5,11,13,14,17,19",22.099505162896946
16,16,0.1321249755013354,3.4700046700549567,"1,2,3,5,7,8,9,10,11,12,14,16,17,18,19","2,7,9,15",12.911201780428273
17,17,3.034302700080702,2.3626698012540235,"1,2,3,4,5,6,7,8,9,10,11,12,13,14,15,16,17,18,19","5,6,8,13",13.670300971973955
18,18,5.293915112287547,4.22329315228184,"1,2,5,7,8,9,10,11,13,14,15,16,17,18,19","6,8,17",16.7250524048131
19,19,6.919280556843899,1.7838706365654444,"3,4","2,3,5,7,11,12,13,16",11.024415979963319
