,Job ID,Stage-1 Processing Time,Stage-2 Processing Time,Stage-1 Machines,Stage-2 Machines,Due Time
1,1,0.1330799314508435,6.359684402657151,"1,2,3,5,6,7,9,10,11,12,13,15,16,18,19","1,2,3,5,6,7,8,9,11,12,13,14,15,16,17,18,19",22.721271867309802
2,2,0.056308909783052696,0.0,"5,8,9,11,13,14,19",N/A,11.581878485194363
3,3,8.253636684957026,0.0,4,N/A,17.031408940055083
4,4,4.253590699954495,0.0,"5,6,7,9,10,15,19",N/A,18.75613735535759
5,5,1.6782641537817389,7.193632239709487,"1,2,3,4,5,6,7,8,9,10,11,12,13,14,15,16,17,18,19","1,2,3,4,5,6,7,8,9,10,11,12,13,14,15,16,17,19",20.00314567316626
6,6,8.660692597465657,7.607021353393526,"5,16,17","3,5,8,9,11,12,13,14,16,17,19",18.773452675790193
7,7,8.06599526416706,6.263387212581937,"5,14","1,2,3,5,7,8,9,10,11,14,17,18",17.35796971386528
8,8,9.685495957373533,2.7572821581293203,"3,8","1,4,7,10,12,14,15,19",22.5086160267481
9,9,6.919214612078065,0.0,"4,5,8,9,12,14,17",N/A,11.45700465667284
10,10,3.6006048580837846,3.112988933275539,"1,2,5,6,7,8,9,10,11,12,14,15,16,17,18,19","2,10,15,16",21.060762351788945
11,11,2.640494916488012,9.39877115155605,"1,2,3,4,5,6,7,8,9,10,11,12,13,14,15,16,17,19","1,2,3,4,5,6,7,8,9,10,11,12,13,14,15,16,17,18,19",13.728948966088804
12,12,8.670549154493338,8.396051575600689,"1,2,7,8,10,12,14,15,16,17,18,19","2,5,6,8,9,10,11,12,13,14,15,16,19",17.909001334414054
13,13,2.451395762482914,5.152529362637802,"3,17","1,2,3,4,5,6,7,8,10,11,13,14,15,17,18,19",13.79585393740512
14,14,9.711963090397441,0.29408277407221073,"7,12,16","4,5,7,10",19.82828199014721
15,15,7.496272623183221,5.856937815019113,"1,2,3,4,5,6,7,8,9,10,12,13,14,17,19","2,3,4,10,12,15,16,17",22.05138344310256
16,16,7.482093524944922,0.0,"1,2,4,6,7,9,10,11,13,14,15,16,17,18",N/A,16.921980520150214
17,17,6.094027330945464,7.447533223950936,"1,2,3,4,5,6,7,9,10,11,12,13,14,15,16,17,18,19","4,5,14,15",13.611476892611227
18,18,5.9939401767486045,4.371230940671184,"2,3,5,11,18","1,3,5,6,8,10,11,13,15,18,19",20.50434679296513
19,19,2.4854630040525247,0.0,"4,5,7,8,10,12,13,15,17,18",N/A,20.039452865003256
20,20,4.585110793727571,9.845172817577252,"1,2,3,4,5,6,7,8,9,10,11,12,14,16,17,18,19","2,3,4,6,8,11,13,14,17,18",19.036028082428384
21,21,5.109532573658319,5.451229326651962,"2,3,4,8,11,12,15,16,18,19",15,18.299024520265004
