,Job ID,Stage-1 Processing Time,Stage-2 Processing Time,Stage-1 Machines,Stage-2 Machines,Due Time
1,1,6.7373787288070455,4.880237320326639,2,"2,3,6",22.16578003400035
2,2,0.21852415962981264,0.0,"1,2,3,4,5,6,7",N/A,20.003269999067374
3,3,2.186977225666915,1.944577720057652,"1,4,6,7","1,2,4,5,6,7",23.682480050576167
4,4,4.945741532255417,0.0,"1,2,3,4,5,7",N/A,14.823473202156029
5,5,2.4631331131461254,5.1614877972385065,"1,2,3,4,6","1,2,3,4,5,6",23.46385486126713
6,6,6.486044780490311,7.635078773837999,"1,5,6,7","1,3,4,5,6,7",14.25445375569925
7,7,7.064761222577354,0.0,3,N/A,21.62385272305465
8,8,0.9493349374339555,0.6982667695731704,"1,2,4,5,6,7","1,2,3,6,7",6.6785793040443435
9,9,1.9870730705751138,2.376233751324186,"1,4,6,7","2,3,5,6,7",15.989728786612163
10,10,8.043034735889613,1.850597300799145,7,5,23.435964880439826
11,11,8.335782081290239,8.850918564069696,"1,4,5,6,7","1,2,3",19.87576536333257
