,Job ID,Stage-1 Processing Time,Stage-2 Processing Time,Stage-1 Machines,Stage-2 Machines,Due Time
1,1,1.7123801433983588,1.6434571656656027,"1,2,3,4,5,6,7,8","1,2,3,4,5,6,8",15.783223046412203
2,2,5.883763131710197,9.377774217422695,"2,3,4,6,7","2,4",18.120969067864518
3,3,7.725515858106452,8.557919911478868,"1,2,3,4,5,6,7,8","1,2,3,4,5,6,7,8",21.67008994837937
4,4,9.666813998746226,2.1761782112398897,1,1,12.63796920746867
5,5,5.426048418235641,3.721446116372401,"2,3,4,5,6,7,8","1,2,3,4,6,7,8",15.359536555184281
6,6,0.1134654401952595,0.0,"1,3,4,5,7,8",N/A,19.844887833825464
7,7,3.209644488706913,5.504933887140961,"1,2,4,5,6,7","1,5",9.721149591419127
8,8,0.06716152397939434,7.5191053944350275,"1,2,3,4,5,6,7,8","1,2,3,4,5,6,7,8",13.063885501210617
9,9,2.369629305064036,0.0,2,N/A,16.812378554210156
10,10,4.418155070590802,1.580100138807401,"2,5,7","1,2,3,6,7,8",16.049363303096293
11,11,9.505735576257027,4.634248331118974,1,"3,4,6,7",23.287275449048014
12,12,8.56022689416347,0.0,"1,2,5,6",N/A,14.860236267637104
