,Job ID,Stage-1 Processing Time,Stage-2 Processing Time,Stage-1 Machines,Stage-2 Machines,Due Time
1,1,4.461674403756532,4.116237500975478,8,"2,10,11",12.099766717688716
2,2,8.693332760582758,3.573675314784226,"2,3,10","1,2,4,5,7,8,9,10,11,12",15.973253734577165
3,3,5.463863393421189,1.7505799565070912,"5,6,8,10,13","1,2,3,4,5,6,7,8,9,10,11,12,13",22.884669347673928
4,4,1.8231096709984829,3.911168631926908,"1,7,11,12","1,3,4,5,6,7,8,9,10,11",14.218337555718282
5,5,8.4678134594952,7.644015622421028,"1,2,3,5,7,8,11","1,5,7,9,10,11,12,13",22.720491864585842
6,6,3.9509221768567135,7.071325305028151,"2,8,9,11,13","2,3,4,5,6,9,13",16.28688259033204
7,7,6.8692938155349434,0.0,"1,2,8",N/A,16.570411945785676
8,8,4.517608554800079,9.943080938694818,"1,2,4,5,6,7,9,10,11","1,2,3,4,5,6,7,8,9,10,11,12,13",20.612634769344226
9,9,2.55999836674091,1.354572848975738,"1,2,3,4,5,6,7,8,10,11,12,13","2,4,6,8,10,11,12,13",17.731877411993036
10,10,7.59345362763672,0.675652227621375,"1,2,3,4,8,9,10,11,13","1,2,3,4,5,6,8,10,13",16.39260171815518
11,11,7.379104153776247,8.387337988445147,"1,2,3,4,5,6,7,8,9,10,11,12,13","4,7,10,11,13",20.358812393851174
12,12,1.3936550139665693,6.04439792114152,"1,2,4,5,6,7,8,9,10,11,12,13","2,9,10,13",9.221294804543218
13,13,1.8535720714348791,3.8749724274948028,"1,4,6,11","9,10,12",23.521691122645763
14,14,7.588533734395164,3.641112626569849,12,"6,7,13",16.13195576776451
15,15,5.179533067905393,3.052509627319273,"1,2,3,5,6,7,9,10,12,13","1,2,5,6,8,9,10,11,12",14.070360265486102
16,16,1.1212445407420302,9.784763383879087,"1,6,7,9,10,12,13","1,2,4,6,7,10,12,13",17.040930353921926
17,17,1.7779827292620176,7.032206269342583,13,12,15.814321827209533
18,18,6.305982342308685,0.012959870380010452,1,"2,10",21.33677965086277
