,Job ID,Stage-1 Processing Time,Stage-2 Processing Time,Stage-1 Machines,Stage-2 Machines,Due Time
1,1,4.822798173369895,6.076122129304813,"5,7,17","1,7,9,11",17.873984823638892
2,2,3.480111959770106,0.0,6,N/A,13.050252793117634
3,3,7.893772577477558,0.0,"1,3,4,9,10,11,15",N/A,9.527600081515434
4,4,3.9464615353122143,5.2077859866984655,"1,2,3,4,6,7,8,10,11,13,15,16,17","1,2,3,4,5,6,7,8,9,10,11,12,13,14,16,17",10.110820327139335
5,5,8.16810334858354,0.0,"3,4,5,6,8,9,10,11,12,13,15",N/A,23.949854700820943
6,6,1.9184217763256928,0.498213421511966,"1,2,3,4,5,6,7,8,9,10,11,12,13,14,15,16,17","1,4,5,8,11,12,14,15,16",5.966398338869768
7,7,7.3768963419816735,6.484917660588154,"2,5,7,8,17","2,4,5,6,7,8,9,10,11,12,13,14,15,16,17",17.331920495344416
8,8,1.4444388853756007,6.752178270867555,"1,3,8,9,10,13,14,16","15,16",20.93908153043644
9,9,7.527487916331019,7.858728082277519,"13,16","3,5,6,8,13,14,17",20.777035454396145
10,10,7.49780396660873,7.415258119435627,"5,11","3,5,7,9,14,15",18.85193517745674
11,11,6.769643191496194,0.0,"1,7,12,13,14",N/A,8.257280155797236
12,12,0.2576872643514183,7.029321878111725,"1,7,10,12,13,14","2,3,5,6,8,9,10,11,12,14,17",9.022454824167893
13,13,0.7229490019208873,0.3295120096032267,"1,3,4,5,6,7,8,9,10,12,13,14,15,16,17","2,4,5,6,9,11,12",13.773793896747904
14,14,5.143983360269713,4.229071040267227,"7,8,12","2,4,5,6,7,9,10,12,13,15,16,17",20.41576971755776
15,15,7.461450206007697,5.542274852826996,"3,5,10,11,12,15","1,2,3,4,6,7,8,9,10,11,12,14,16,17",18.686679558608468
16,16,7.406981952819498,1.7240201930628507,"4,5,8,9,14,15,17","1,2,3,4,6,7,8,9,10,11,12,13,14,15,16,17",9.151306726659975
