,Job ID,Stage-1 Processing Time,Stage-2 Processing Time,Stage-1 Machines,Stage-2 Machines,Due Time
1,1,4.627269794328205,0.0,"5,7,8",N/A,17.196277180210323
2,2,1.4375498060648317,5.428901308372382,"2,4,5,7,8,9,10","1,4,6,7,8,9",13.324625069434505
3,3,5.151698391529869,8.224355212175595,"1,4,8,10","1,6,9",13.479189671439906
4,4,3.9102524675641948,1.270542583914841,"1,2,4,5,7,8,10","2,3,5,7,9,10",23.28141071763652
5,5,1.6008447694674643,0.0,"1,2,4,6,7,9",N/A,20.22707789487062
6,6,4.21421808188823,8.116937803601559,"1,2,3,4,5,6,8,9,10","1,2,3,4,5,6,7,8,9,10",15.854685994444942
7,7,9.052217267112127,8.650395183731757,6,"2,3,4,6,7,9,10",20.585406454622035
8,8,1.0419527846761523,5.143400514393182,"3,4,6,7,8,9,10","2,6,7,8",10.093712999861795
9,9,0.7754680400494651,3.011495391858945,9,"1,5,7",8.880272753722906
10,10,0.5383330040648648,7.951724348979068,"1,2,3,5,6,8,9,10","2,3,4,5,6,7,10",13.198873304476624
11,11,0.26492002293292627,7.916560912300747,"1,6,9","2,5,6,8",10.275845780523472
12,12,5.779265001279249,9.324277730032119,"1,2,7,8,9,10","1,2,3,5,6,7,8,9",17.003618160972756
13,13,0.6625014546742258,1.6755641695409695,"1,2,3,4,5,6,7,8,9,10","1,3,4,5,10",5.962929970410663
14,14,1.7082574860727018,0.0,8,N/A,15.047672140331851
15,15,6.099487992977193,4.042040456160688,"2,3","8,9",22.907372174688447
16,16,3.832533207607728,0.45255601277376045,"5,6,9","1,4",7.993902694635989
17,17,7.7546834279606704,4.508652690524818,"3,9,10","2,5,10",16.58255084857259
18,18,4.323649513040342,3.519200995924967,"1,4,6,7,8,9","1,4,5,7,8,10",23.11147437239947
