,Job ID,Stage-1 Processing Time,Stage-2 Processing Time,Stage-1 Machines,Stage-2 Machines,Due Time
1,1,0.8833734304480712,6.599996920244363,"1,3,5,9,10,12","1,2,3,4,7,11",8.584800346527514
2,2,5.002726677640082,0.9897378655642208,"1,3,4,6,7,8,9,10,11,12","5,6,10,11,12",12.988330561438003
3,3,2.1220042439655353,6.626865490430469,"1,3,4,7,8,11","1,2,5,7,8,10,11",18.49256913255607
4,4,3.3806607850584713,4.144792312475757,"1,2,3,4,5,6,7,8,9,10,11,12","3,6,8,9",9.14484451312453
5,5,5.995603222928442,6.440687438700689,"1,2,3,4,5,6,7,8,9,10,11,12","1,2,3,4,5,6,7,8,9,10,11,12",15.80873061661835
6,6,9.16354500954216,7.513202193207247,"6,8,10","2,4,7,9,10",18.7360127581634
7,7,6.27285864266692,0.0,"1,2,3,4,5,6,7,8,9,10,11,12",N/A,19.456101121688462
8,8,8.618387752974407,5.216063813544388,"6,7,9,10,11","3,4,5,6,7,8,9,10,11",16.112221874853212
9,9,5.621054401983808,3.1461057670347747,"2,4","3,4,5,6,10,11,12",23.96733390619833
10,10,6.049681896239331,8.637214536798641,"6,12","5,6",14.893317734872303
11,11,6.579609309593487,0.7495493211157245,"1,3,4,5,7,8,12","1,5,7,11",16.874299540705167
12,12,7.849205080656011,3.5197115083861066,"1,7,9,12","1,2,4,8,11,12",14.507789169388172
13,13,5.515145973368711,8.948590862678781,4,"1,2,3,4,7,8,10,11",18.56660525928175
14,14,4.821641794133338,9.88834981243163,"2,11","1,3,4,6,7,8,11,12",23.048902341141
15,15,9.6764574093172,9.42453065926441,"1,2,3,4,5,6,7,8,9,11,12","1,2,3,5,7,8,9,10,11,12",19.414570619472755
16,16,3.633401358672086,0.11753778099451995,"1,2,4,6,10,12","1,2,3,5,9",19.5200819373321
17,17,5.459607860056445,4.2591225799288965,"4,5","1,4,5,6,9,10",14.20082166975413
18,18,5.15287082564365,8.234981281807599,"1,9,11","6,10,12",15.932360195148341
19,19,5.7895762223074545,6.860070285941204,"3,4,5,7,9","1,8",23.487167837690244
20,20,7.2988413372352445,6.01759696819916,"1,2,3,5,6,7,8,9,12","2,4,5,8",19.970799517263423
21,21,2.9968946969392873,4.349363125526668,"3,4,6,7,9,11","4,10,11",9.105363219971593
22,22,9.464845091924714,2.2916331579734606,"1,4,7,10,11,12","3,10,12",20.998895801334527
