,Job ID,Stage-1 Processing Time,Stage-2 Processing Time,Stage-1 Machines,Stage-2 Machines,Due Time
1,1,6.039631092644543,9.004166997528793,"1,2,3,4,5,6,7,8,9,10,11","1,2,3,4,5,6,7,8,9,11",21.884350445338566
2,2,9.657373949336707,6.270021872476769,"6,7,10","1,3,4,10",23.78009208109985
3,3,6.4992485475232895,4.622621420586332,"5,8,9,10",4,12.94998771881061
4,4,5.766893085199189,1.4118782098301563,"1,11","2,7,8",9.343698960734342
5,5,9.220012812045804,6.636009500439284,"1,2,3,5,6,7,8,9,10,11","1,2,3,4,5,6,7,8,9,11",18.144984134141815
6,6,0.030521544592946315,1.5206838725275185,"3,11","1,3,4,5,6,7,8,9,10,11",4.319067145126304
7,7,2.364270560136376,7.693339834515108,"1,3,4,6,9,10","2,4,9,10",11.939973031884472
8,8,2.376187021222841,2.882765334639643,"4,5,6,7,9,11","1,2,3,4,5,6,7,8,9,10,11",20.81174324984189
9,9,3.065089234275166,5.498481510508222,"2,6,7,8,9,10,11","2,5",23.378497505473874
10,10,0.6872930374614372,1.9168140777313414,"2,4,5,6,8,9,11","1,2,3,5,6,7,10,11",11.744190606469145
11,11,8.964020226340589,0.7185771977636091,"1,2,4,6,7,11","6,7",16.119605360277163
12,12,9.152359337760274,0.17784744294492727,"4,8,9,11","3,6,8,11",11.999561124963623
13,13,0.5963176291520933,9.317396226272646,"4,6,7,11","4,10,11",17.361404887490345
14,14,1.81256630295898,6.716705553358725,"1,3,4,6,7,11","1,2,5,6,9",18.833352745889208
15,15,0.8618139482096776,0.9960138458546619,"1,2,4,5,6,7,11","1,4,6,7,8,11",9.63915185178592
16,16,6.223609414136271,1.5010685524396505,"1,2,3,4,5,6,7,8,10,11","1,2,5,6,7,8,9,10",12.543637194712712
17,17,9.643970334554059,0.5933656513654717,2,"1,3,4",16.102644793673708
18,18,1.3011224873500615,4.045766111777737,"8,11","1,2,7",10.419456069947856
19,19,1.2570561402049019,4.619293399148166,"2,7","1,7,9",23.78087596456901
