,Job ID,Stage-1 Processing Time,Stage-2 Processing Time,Stage-1 Machines,Stage-2 Machines,Due Time
1,1,6.423940370410043,0.0,"2,8,9,11",N/A,18.393695290564207
2,2,5.724917663575173,0.0,"1,3,5,6,7,8,9,10,11",N/A,12.386909894842859
3,3,5.164047096383639,0.0,"4,8,11",N/A,20.664465001324835
4,4,0.7829872724456843,0.1927646158282037,"1,2,3,4,5,6,7,8,9,10","1,4,6,7,8,9,10,11",1.673558448300371
5,5,6.348950200257128,1.355148573290671,6,"1,2,4,6,7,8,9,10,11",13.238931176973804
6,6,4.532724336159416,3.7830392497487852,"1,2,4,7,9,10,11",4,10.051987692272201
7,7,5.6048924204872375,3.3776202482577444,"2,3,6","1,2,3,5,6,8,9,10,11",22.31594314346838
8,8,5.146719404574499,6.640603134093458,"3,6,7","3,4,5,7,8,9,10",15.636170737336009
9,9,9.799286619749342,9.97082822883888,"1,2,5,6,11","2,4,6",19.919594839189788
10,10,6.36969879461721,0.0,"1,3,6,7,8,9,10,11",N/A,18.125543395006368
11,11,1.558295912262354,0.0,2,N/A,18.227998220646057
12,12,4.4692729275721526,6.373379549355387,"5,8,11","1,2,3,4,5,6,7,8,9,10,11",17.508008897359296
13,13,9.130898427789255,5.557655767226927,"1,2,3,4,5,7,8,9,11","1,3,5,6,8,9",21.67298971059361
14,14,3.0991875580675043,6.381628781508634,"1,3,6,8,9,11","1,3,7,9,11",11.498542327555157
15,15,0.5214608691591949,0.0,"4,11",N/A,19.517347463636
