,Job ID,Stage-1 Processing Time,Stage-2 Processing Time,Stage-1 Machines,Stage-2 Machines,Due Time
1,1,0.5905056917356932,8.04882293761588,"1,2,3,6,9,11,13","1,5,8,9,13",21.192389507689683
2,2,0.19973931895955865,3.62122171613382,"1,2,3,4,5,6,7,8,10,11,13","1,2,5,6,7,8,9,10,11,12,13",14.689597131340065
3,3,5.502455349173784,3.9842611866848685,"1,2,8,11","1,2,3,4,5,7,8,9,11,12,13",9.875911248577083
4,4,8.474093404213187,5.431437366454545,"1,2,3,4,5,6,7,9,10,12,13","1,4,5,6,10,11",23.74082731615982
5,5,9.524829027553032,0.0,"4,5,6,7,8,9,12,13",N/A,17.57525122062123
6,6,8.76949773473149,8.02390207498085,"2,3,8,9,10","1,2,3,4,5,6,7,8,9,10,11,12,13",20.725471666770584
7,7,9.996144108341715,7.235958912411639,"1,2,3,4,6,7,8,9,10,11,12,13","4,7,10,13",23.873503553946527
8,8,0.8747025070498016,0.0,"3,8,10,13",N/A,15.291158580820946
9,9,3.2844136115883984,8.779977273053849,"1,2,3,4,7,9,12","1,2,3,4,5,6,7,8,9,10,11,12",12.875836921401895
10,10,3.2776557167063904,0.0,"2,3,4,5,6,7,8,9,11,12,13",N/A,21.02868187367156
11,11,7.918567143409261,1.411268398983807,"1,2,4,5,6,7,8,9,10,11,12","1,2,3,4,5,6,8,9,10,11,12,13",20.63255433462343
12,12,7.278333815139037,0.0,"1,3,4,5,6,7,8,9,10,11,12,13",N/A,19.24568020576283
13,13,7.88911159143837,8.235890081998077,"2,3,5,6,9,10,13","1,3,4,5,6,10,12,13",17.182090667013682
14,14,8.68029201357525,2.5173656181988924,"1,2,4,6,7,8,11,12,13","2,3,4,5,7,8,10,13",21.015650253337277
