,Job ID,Stage-1 Processing Time,Stage-2 Processing Time,Stage-1 Machines,Stage-2 Machines,Due Time
1,1,8.444374855231093,1.2790612438409121,"1,2,11","2,5,6,7,8",20.24797108255516
2,2,0.16764814964515762,9.806246657274706,"2,7,8,11",7,11.648623406985964
3,3,0.16133690696186198,0.0,"1,2,3,4,5,7,8,9,11",N/A,14.296172178412174
4,4,5.2495349285128174,0.0,"1,3,5,6,7,8,9,10,11",N/A,14.152262721230324
5,5,0.4770229752165822,7.013255711792508,"3,5,7,8,9,10,11",10,14.809918767485204
6,6,4.302822409809161,8.922603078995285,"1,2,3,4,5,6,7,8,9,10,11","1,2,4,6,11",18.84513254026147
7,7,8.127748342355073,6.08351930981585,"2,3,8,10","2,4,6,7",16.828125146862973
8,8,3.4581707392932803,0.0,"1,2,3,5,6,7,8,9,10,11",N/A,8.059705281365192
9,9,1.0933204756644144,0.0,"1,2,3,4,5,6,8,9,10",N/A,17.25838762190965
10,10,9.101105479730352,7.046929048728121,"1,3,9,11","2,4,7",16.56062320421997
11,11,6.940287705548393,4.193641249880445,"1,2,3,4,5,6,7,8,10,11","3,4,5,6,8,9,10",11.829619751950073
12,12,2.7220599877652862,0.46987504302578476,"1,2,3,4,5,6,7,8,9,10,11","1,3",3.77728711399771
13,13,5.767487315408602,0.0,"1,4,5,6,7,9,10,11",N/A,16.679630379167342
14,14,3.8710256405774555,2.061981985567881,"1,2,3,4,6,7,8,9,10,11",9,6.84205840803766
15,15,7.16762411505412,4.815396717006149,"1,3,4,5,6,9,10,11","4,6",21.613121721528522
16,16,9.66222117273434,5.577326730318298,"5,8,9,11","1,2,4,5,6,7,9,10,11",17.86343420638161
17,17,9.469126659711545,1.327046939564911,"1,2,3,4,6,7,8,10","1,2,3,4,5,6,7,9,10,11",13.422886641433735
18,18,8.885721956323437,0.0,"2,4,5,7,8,10,11",N/A,14.451316088781297
