,Job ID,Stage-1 Processing Time,Stage-2 Processing Time,Stage-1 Machines,Stage-2 Machines,Due Time
1,1,6.300356237440576,0.0,"2,8",N/A,20.475419495891824
2,2,8.662896523358821,7.351093544842496,"1,2,3,5,6,7,8,9","2,3,4,5,8,9",22.92273647987461
3,3,8.03009977063058,9.472430560095313,"1,2,3,4,5,8","1,2,3,4,5,7,9",17.75318851735073
4,4,2.776961010282255,0.915209288323362,3,"3,4,5,6,7,9",12.175533719652766
5,5,9.34744998731135,2.8104916298908087,"3,4,7","1,2,5,6,7",17.49771644376196
6,6,6.116763064476386,0.0,"2,3,4,6,7,8,9",N/A,16.808310068570172
7,7,5.1175813912432,5.7083545263554925,"2,6,8","1,2,3,4,5,7,8,9",23.773865021571318
8,8,1.1851739478601242,5.591255050929576,"1,2,3,4,6,7,8",6,7.734974485174202
9,9,1.3177066087587208,6.703939829453642,"1,2,3,6,7,9","2,3,4,9",11.722916297645874
10,10,9.9629426904524,8.680319548033857,"1,7","1,2,4,5,7,8",23.36723700378614
11,11,1.7572424199443448,1.5759501646578922,"1,2,6,7,8,9","1,2,4,5,6,7,8,9",21.25653034547447
12,12,6.010673613370427,9.087008803919273,"1,3,5,6,7,8","3,6",23.48911214204324
13,13,4.26493376836587,9.396629354176543,"2,3,4,5,6,8","1,2,3,5,6,7,8,9",22.877276482960404
