,Job ID,Stage-1 Processing Time,Stage-2 Processing Time,Stage-1 Machines,Stage-2 Machines,Due Time
1,1,8.462740938511388,2.736861480046997,"1,2,3,4,5,6,8,9,10,11","1,2,3,4,5,6,7,8,9,10,11",14.560272091227958
2,2,6.934227237419935,3.7654269683342187,"4,5,8,11","3,5",22.349137959945672
3,3,8.63127198913957,2.558459900978589,"1,2,4,5,6,7,8,9,11",3,14.73271180146618
4,4,4.8774804711958115,0.0,"2,10",N/A,10.711403772972108
5,5,7.837426306741487,0.8673235955033143,"1,5,7,8,9,10,11","1,3,4,6,7,10",22.386033417049568
6,6,8.888707996732329,4.428120713974948,"1,5,6,7,8,9,10,11","1,2,3,4,5,6,7,8,9,10,11",23.096082616786823
7,7,8.320797517718436,6.613998120056857,"3,7,8,10","1,5,8,10",19.173385067590072
8,8,0.3867752947188552,7.772442545294885,"2,4,6,8,11","1,2,3,5,6,8,11",19.28547731620924
9,9,6.858861809696473,0.0,"1,2,3,4,5,6,7,8,9,10,11",N/A,10.465242748715259
10,10,3.888534713058578,2.8634632920627356,"1,2,3,4,5,6,7,8,9,10,11","5,9,10",23.301938837443558
11,11,7.214335952120406,2.632778761015917,"4,7,8","2,4,5,7",18.79871261805492
12,12,0.9355539636442911,0.0,"4,7,8,9",N/A,18.551571542394427
13,13,4.846549554861489,6.270062731186967,"6,9","1,2,3,5,6,7,8,10",15.481752042724157
14,14,5.122245736322871,0.03143067212359352,"2,3,4,5,7,9,10",2,10.488012097807985
15,15,9.494033697230869,0.0,"2,4,6,10",N/A,20.216066120859097
16,16,2.0497801529544657,0.0,"1,3,6,8,9,10",N/A,23.440926716499348
17,17,9.071996195516626,7.7135951320466365,"2,5,8,11","4,5,8,10,11",21.100074880555795
