,Job ID,Stage-1 Processing Time,Stage-2 Processing Time,Stage-1 Machines,Stage-2 Machines,Due Time
1,1,8.85652686100042,1.7890074255478128,"1,2",9,16.39283040008165
2,2,1.4822335580259016,7.971178702897548,"6,8,11","2,5,6,7,8,9,10,11",14.104327855949965
3,3,2.0070145753909086,8.957449079799986,"2,4,7,10","1,4,5,7,8",14.489597730241567
4,4,7.170166766224817,0.0,"2,4,8,9,11",N/A,15.729738415030077
5,5,5.335721746694645,0.0,"1,2,3,4,5,6,8,10,11",N/A,7.756765070671319
6,6,7.953671387135896,8.440310228568165,"1,2,5,6,7,8,9","3,4,5,6,10,11",16.97340285978908
7,7,6.015121503442046,4.008573169172379,"2,6,8","2,3,10,11",13.445528273456668
8,8,2.1122161907272394,0.0,"2,7",N/A,14.744574154681459
9,9,0.366771195364447,4.270217339794748,8,"1,2,3,4,5,6,7,8,10",8.29215225638697
10,10,4.436788930282095,6.515535374957927,11,"9,10",18.70100286469385
11,11,6.54767803317341,4.679115615812053,"4,5,8,9,10,11","1,2,3,4,5,6,7,9,10,11",21.300432324104687
12,12,3.7067938015071658,4.629287325206085,"1,2,3,4,5,6,7,9,10,11","2,3,4,6,7,8,9,10,11",8.765916779369414
13,13,4.335865767480854,7.685131642515667,"4,5,7",3,22.33223150868518
14,14,6.96333807646914,9.376662249498738,"6,7","1,3,4",23.97741720111257
15,15,9.10249330775424,4.6423049083825685,10,"4,7,8,10",20.95153084552423
16,16,6.774774387844492,5.574556492085977,"2,6,7","1,3,4,5,8,10,11",18.356409255934338
17,17,2.08519062227663,5.7935583051274815,"5,6,7,8","1,2,3,4,5,6,7,8,10,11",17.761857721895417
18,18,1.6800667284927584,9.354813685542616,"1,2,3,6,7,9,10,11","1,2,3,4,5,6,7,8,9,10,11",13.297106296179683
19,19,0.10377698719795436,3.3100724317917365,"1,2,3,4,5,6,7,8,9,10,11","1,5,6,9,10",7.794189885450279
