,Job ID,Stage-1 Processing Time,Stage-2 Processing Time,Stage-1 Machines,Stage-2 Machines,Due Time
1,1,1.3101646832373892,0.0,"3,5,10,11,14",N/A,9.411856801835913
2,2,9.686011295140409,9.451291825054454,"1,2,5,6,12,13","2,3,9,11,12,14",21.35978729847777
3,3,8.941172838708741,8.275074384430265,"1,2,5,10,11,13,14","1,4,5,6,10,15",21.73054945495708
4,4,8.13434078230111,9.608930962649161,"1,2,3,4,5,6,7,8,9,10,11,12,13,14,15","1,5,6,8,9,11,12,13,14",23.776907117884083
5,5,8.655871014531316,2.897545935396153,"2,8,9,11,13",1,18.04911327443255
6,6,8.31439444283429,0.0,"1,2,3,4,11,12,13,14,15",N/A,15.002451305649341
7,7,2.429021475037935,0.0,"4,5,8,9,11,12",N/A,21.760991563922346
8,8,5.7342611388244,4.000915510666094,"1,2,3,4,5,6,7,8,9,10,11,12,13,14,15","1,2,3,4,5,6,7,8,9,11,12,13,14,15",14.109737383420812
9,9,8.441655156969283,0.22067123189500326,"1,2,3,4,5,6,7,8,9,10,11,12,13,14,15","2,5,6,12,14,15",9.239525247491706
10,10,7.997504932918096,0.6012620877993169,"4,6,8,9,11","1,2,3,5,6,7,8,9,10,11,12,13,14,15",9.72124972806138
11,11,8.647330622510097,5.103710796399973,"3,4,5,7","9,13",19.684912387759546
12,12,5.700390668126057,7.279064639538651,"1,2,3,5,7,8,9,10,11,12,13,14,15","2,4,11,13,15",19.182329703362473
13,13,9.717444031174296,0.0,"1,4,5,6,7,9,10,11,12,13,15",N/A,21.294565620132403
14,14,3.2645918507991665,9.182942046976695,"1,2,5,6,7,8,13,15","1,3,4,5,8",16.003603312753775
15,15,5.6289438409793195,3.0019824568335807,"1,2,3,5,7,8,12,13","1,2,5,8,9,11,12",20.407823624923253
16,16,2.7299221427273626,3.4011754781504067,"3,14","1,2,3,4,5,6,7,8,10,11,12,13,14,15",7.047244970120791
17,17,9.189600260271554,9.015782643376175,"4,5,6,7","4,6,8,9,10,11,14,15",19.457980815036812
