,Job ID,Stage-1 Processing Time,Stage-2 Processing Time,Stage-1 Machines,Stage-2 Machines,Due Time
1,1,1.0257552372045864,9.995976637352728,12,"1,2,4,6,7,8,9,11,12,15,16,18",14.170746374390584
2,2,0.9448287253452192,9.136248309817859,"1,2,3,5,6,7,11,12,13,14,15,16,17,18,19","1,2,4,5,6,7,8,9,10,11,12,13,14,16,17,18,19",22.71288611226585
3,3,3.816096840833576,0.0,"2,4,5,6,7,8,9,10,11,12,13,14,15,17,18,19",N/A,12.180942851725616
4,4,3.644964159402969,3.0735428231441277,"1,2,3,4,5,6,7,8,9,10,11,12,13,14,15,16,17,18,19","1,2,16",17.040986387782052
5,5,3.4335158600907345,6.140996062179722,15,"1,2,3,4,5,6,7,8,9,10,11,12,13,14,15,16,18,19",16.148332514187743
6,6,3.19945277507888,0.917236298966061,"1,5,6,7,9,10,11,12,15,16,17,19","3,4,6,8,9,10,11,14,15,16,17",9.490694659481216
7,7,6.92307718300534,2.5994089744093243,"6,16,19","2,3,7,8,11,16",16.916024002523233
8,8,2.8700761600995097,0.04255830374568892,"1,2,4,7,9,10,11,12,15,16,18,19","4,12,13,15,17,18",19.991694866593683
9,9,9.01545676603668,0.0,14,N/A,17.700576969598067
10,10,4.383832377407051,7.44203889418565,14,"1,2,3,11,12,13,14,15,18",21.73033199479155
11,11,3.598412894756472,0.6982913310155703,"1,2,3,4,5,7,8,9,11,14,15,16,18,19","6,7,11,16",23.12047921401892
12,12,0.2956522461741584,2.4738506372343485,"1,2,3,4,5,7,8,9,10,11,12,13,14,15,18,19","4,8,14",20.534297151179295
13,13,5.700346725092652,6.7103944788328995,"2,3,10,13,14,15,16,17,18","1,2,4,5,7,9,10,11,12,13,14,15,16,17,19",15.92407259689541
14,14,0.7322758738891089,2.3547060470673564,"1,2,3,4,5,6,7,8,9,10,11,12,13,14,15,16,17,18,19","1,3,5,6,7,8,10,11,15,16,17,18,19",7.527398366699952
15,15,7.624290594189782,6.244566564047185,"1,2,3,4,5,6,7,8,9,12,13,14,15,17","1,2,3,4,5,6,7,8,9,10,11,13,14,15,16,17,18,19",18.228565240521647
16,16,9.200119925526778,0.535721533548561,"5,8,15","1,2,3,4,5,8,9,10,12,16,17,18",13.511112257829005
17,17,5.931822565538619,2.59044370036835,"1,5,7,8,9,10,11,14,15,17","1,2,3,6,7,9,12,15,17,18,19",22.51449302397824
18,18,9.340768751247241,1.2294759582807924,"1,4,5,6,7,8,9,10,11,12,13,14,15,17,19","4,11,12,14,15,18",14.28216213969416
19,19,2.769804868399274,0.0,"1,3,6,9,10,17",N/A,22.705645859639745
