,Job ID,Stage-1 Processing Time,Stage-2 Processing Time,Stage-1 Machines,Stage-2 Machines,Due Time
1,1,3.6656919282554723,5.686093882579835,"5,7,9,10,16","1,2,3,4,5,6,7,8,9,10,11,12,13,16",23.753626471172225
2,2,5.827191384531596,5.122190854209902,"1,4,5,6,7,8,9,10,11,12,13,14,15,16","1,14",19.945600266859408
3,3,8.901861459086636,8.84872672008068,"1,3,5,6,7,8,9,10,12,13,15,16","1,4",19.66191671604917
4,4,3.4091416092676727,0.6508974966255732,"2,11,12,15","1,6,9,10,12,13,14,15,16",19.965041508581532
5,5,9.791775372298527,0.13061070678728304,"1,3,4,5,12,14","2,4,6,7,10,12,13,14",15.128760166013572
6,6,9.188220975932056,8.243732974645031,"1,2,3,4,5,6,7,8,9,10,11,12,13,14,15,16","1,4,5,6,8,11,13,14,16",23.244017404876402
7,7,9.692647217439943,3.532408175005801,6,"5,6,14",21.50725063616829
8,8,5.470357749458945,4.4997715060438175,"5,11,14","1,3,4,5,7,8,9,10,11,12,13,14,15",20.61010047754769
9,9,0.5462019343390667,2.662248414857479,"1,3,4,6,7,9,10,11,12,14,15,16","1,2,3,4,5,6,7,8,9,10,11,12,14,15,16",9.074764610816972
10,10,7.011557296452011,0.0,"3,7,10,13",N/A,20.380484986769574
11,11,9.879390560468531,2.2267065050736057,"6,7,10,11,12,14,15,16","1,2,3,4,5,6,7,9,12,14,15,16",13.930275971922898
12,12,4.491645137791882,0.2766544017841954,"3,4,5,9,11,13,14","2,4,5,6,7,8,9,11,13",8.678153576248187
13,13,1.4886636485153282,4.675631341772063,"3,8,10,12,16","2,4,7,8,12,15",12.970506263478825
14,14,5.2958433053298855,0.0,"2,3,5,6,7,8,9,10,11,12,13,14,15,16",N/A,15.963394459774255
15,15,0.09533816998499534,2.3155214610567887,"4,5,6,7,8,9,10,11,12,15,16","1,2,3,4,5,6,7,8,9,11,12,13,14,15,16",16.68217533434004
16,16,8.84561848162559,4.855039801096924,"1,2,5,9,10,12,14,16","3,8,9,12",16.710314901085972
17,17,8.764133699449904,4.162618264017501,12,"1,4,6,10",14.722689661317704
18,18,3.340654542685162,9.05286617468463,"3,4,6,7,8,14,15","1,2,4,5,6,7,8,9,10,11,12,13,14,16",19.7455013745454
19,19,3.8579870239178913,6.039074278017295,"4,8,12,15,16","1,4,6,8,9,11,13",21.385982854260554
20,20,9.34877916438823,0.6447692318894294,"1,2,3,4,5,6,7,8,9,10,11,12,13,14,15,16",14,21.295017581436166
