,Job ID,Stage-1 Processing Time,Stage-2 Processing Time,Stage-1 Machines,Stage-2 Machines,Due Time
1,1,3.7495752315945774,0.0,"2,3,5,6,7,8,9,10",N/A,22.51386231461073
2,2,4.083487601467702,3.9432287217465256,"1,2,3,4,6,7,8,9,10","1,2,5,6,7,8,9,10",10.087097449735403
3,3,3.5053024685551404,0.0,"1,3,4,5,6,7,8,10",N/A,12.798580636587122
4,4,5.855613352771839,9.508243647478823,"1,3,4,5,7,8,9,10","2,3,4,6,8,9,10",16.136871617443557
5,5,7.141821531192381,2.901975883175253,"1,2,3,4,5,6,7,8,9,10","2,3,4,5,6,7",11.337190435642087
6,6,0.15347063046760367,3.9080396703170117,"1,2,3,4,7,8,9,10","2,5",18.938031252085807
7,7,2.600372811110092,5.650788411614251,"4,5,7,8","6,9",14.338407676219237
8,8,5.83594422911238,8.421497655573884,"2,4,6,9",8,18.45924008145549
9,9,8.298422697098792,1.1871651430057129,"1,2,9","1,2,3,4,5,6,7,8,9",11.123143834468996
10,10,4.900288494197068,9.604957387702127,6,4,22.973545049390097
11,11,1.1958901727924431,4.920738877469473,"7,9","1,2,3,5,6,10",20.058162385397516
12,12,8.11594900930821,4.805189804850568,8,"2,5,8",23.376809532124078
13,13,5.881687217161625,2.7240031973883525,"1,2,3,4,5,6,7,8,9,10","1,2,3,4,5,6,7,8,10",19.746918509063235
14,14,1.4561746371088247,1.3538691605891273,"2,7","1,2,3,4,5,6,7,8,9,10",13.702841916582292
15,15,0.13107033773167798,0.12144660879903957,"5,9,10","1,2,3,4,5,6,7,8,9,10",6.912085736501694
16,16,1.669868603813327,0.0,"1,5,8",N/A,23.250162515900694
17,17,1.9744585758963829,9.661192000784624,"2,3,4,5,6","1,2,4,5,6,8,9,10",19.28405209429458
18,18,7.064973254407883,8.56947899954736,"1,2,3,4,5,6,7,8,9,10","1,10",22.179255855082225
19,19,5.093382798726175,0.4754811223809041,"1,10","1,2,3,4,5,6,8,9,10",14.51108360843415
20,20,6.223138449286991,8.980591661403254,"2,4,5,8,9,10","1,6",15.864688809744113
21,21,5.374851228664719,0.0,"1,3,4,6,8,9",N/A,22.37494438048556
22,22,0.9657975360311588,0.0,"1,2,4,6,8,9,10",N/A,18.50245542886125
23,23,3.0213951039646894,5.451706605583415,"4,5,6,7,9","1,9",8.987385762242107
24,24,1.870583557804516,1.6341485360496066,"1,4,5,6,8,9","2,3,6,7,9,10",14.703267176909481
25,25,3.24911316262132,5.701214731790988,"1,2,3,4,6,7,8,9,10","1,3,4,5,7",19.901806412097756
26,26,4.896498270001195,5.799958292978138,"2,3,5,7","6,9",15.90878394934008
