,Job ID,Stage-1 Processing Time,Stage-2 Processing Time,Stage-1 Machines,Stage-2 Machines,Due Time
1,1,3.1003666286939535,8.62111302453506,"7,15","9,13",19.73660804446906
2,2,9.658521260878445,9.705157457561498,"1,2,4,5,9,10,12,14,15",12,21.4309974468695
3,3,7.949448291002742,3.157223230912888,"1,4,11,13","1,2,3,4,5,6,8,9,11,12,13,14,15",17.130688805985187
4,4,1.261384344107419,4.720234954938975,"1,3,7,8,9,10,12,15","1,2,3,4,5,6,7,8,9,10,11,12,13,14,15",14.97188009206723
5,5,7.646442350363865,6.227057933298285,"1,2,3,4,5,6,7,8,9,10,11,12,13,14,15","1,2,3,4,5,6,7,8,9,10,11,12,13,14,15",14.995222732646587
6,6,6.0737915437112875,4.6238689551256815,"4,6,7,8,9,10,12,14,15","1,4,5,8,9,11",16.953025403430335
7,7,1.832891462079047,0.0,"1,3,4,5,6,7,8,9,10,11,12,13,15",N/A,15.272511657669728
8,8,5.127980448167259,0.0,"5,6",N/A,20.084428654298897
9,9,2.912799349540344,8.383314774832971,13,"1,2,3,4,5,6,7,8,11,12,13,15",16.524727149701206
10,10,0.7822604407414624,0.0,"1,2,3,6,9,12,13,14,15",N/A,13.686601958268506
11,11,8.724814317108304,5.711481470711184,"1,2,3,4,5,7,8,10","1,3,4,5,6,8,9,10,11,13,14,15",15.488213498367724
12,12,1.6154124454437013,0.0,"9,15",N/A,5.812146536413472
13,13,9.815530403700196,3.2352938054431366,14,"8,10",18.974012419550988
