,Job ID,Stage-1 Processing Time,Stage-2 Processing Time,Stage-1 Machines,Stage-2 Machines,Due Time
1,1,0.5463750059807304,0.0,"1,3,6,7,9,10,11,12,13,14,15,18",N/A,22.34080479275323
2,2,1.3877046434616658,3.6994153321514123,"6,8,10,17","2,4,5,6,10,13,16,17,18",8.538966454989065
3,3,5.323558799265405,4.857250753452372,"2,3,4,6,10,11,12,17","1,3,6,7,9,11,12,13,14,15,17",23.504800790657644
4,4,6.10780995445817,3.2471813182553575,"1,3,4,5,8,9,10,12,15,16,17,18","1,2,3,4,5,6,8,9,10,11,12,14,15,16,17,18",22.09596177809243
5,5,5.502354865689762,8.003790880166743,"2,3,4,5,7,12,13,14,15,16","1,2,3,4,7,9,10,11,12,13,14,17,18",19.517879766799737
6,6,1.3320099893809023,4.667245928956402,"1,2,4,5,6,7,11,12,13,14,17","1,2,3,4,6,7,8,9,10,11,12,13,14,16",13.718554638730907
7,7,6.304073115485122,6.062057282537655,"1,2,3,4,5,6,7,8,9,10,11,13,14,15,16,17,18","1,3,12",20.555042122807524
8,8,7.650808266055141,8.847459252177547,"7,16","1,2,6,14",16.985618028566147
9,9,2.134028045236448,5.87672787766821,"1,7,12,15,16","1,2,3,4,5,6,7,10,11,13,17,18",16.3691171018518
10,10,5.3224521015675785,0.0,"1,2,3,4,5,6,7,8,9,11,12,13,14,15,16,18",N/A,23.307886995978848
11,11,5.358204718050904,0.0,"3,8,10",N/A,12.894715469731777
12,12,0.2626659128906972,1.7501502792149737,"1,2,3,4,5,9,10,11,12,14,15,17,18","1,2,5,6,8,9,14,15,18",15.079769805221094
13,13,9.50547001331357,5.635267253836913,"1,2,3,4,5,6,7,9,10,11,13,14,15,16,17,18","1,2,3,4,6,9,10,11,12,13,14,15,16,18",17.032944774706905
