,Job ID,Stage-1 Processing Time,Stage-2 Processing Time,Stage-1 Machines,Stage-2 Machines,Due Time
1,1,2.676969528891414,2.1976671335797326,1,"1,3,4",7.124708543904621
2,2,4.550763372364748,0.9710101842737351,"2,4,7",3,15.849695477504039
3,3,5.024744302504183,5.391364110589478,"5,10","1,4,7,8,9",21.418895386817674
4,4,2.8767136361651504,0.0,"4,5,6,7,8,10",N/A,14.427961865604848
5,5,1.1303989809677606,1.7593380376552947,"1,2,3,4,5,6,7,8,9","2,3,4",13.489878684167582
6,6,5.1370283129924355,9.751578499081727,"1,2,3,4,5,8,9,10","5,6,7,8,9",15.24484083770888
7,7,4.522990386443583,0.17260916867313902,"1,4,5,7","1,2,5,6,9",19.558148366014848
8,8,5.678838966163217,0.8352462091697288,"4,6,10","1,2,4,5,7,8,9",19.773732247984775
9,9,6.522539659999927,0.0,"2,4,6,9",N/A,18.496278043905033
10,10,7.410794981608966,8.898139263030235,"1,2,3,5,7,8,10","1,2,4,6,7,8",19.855356147052632
11,11,1.3389815867273136,0.0,"7,8,9",N/A,9.021072279935252
12,12,3.331797637741103,3.3524481929661265,"1,3,4,7,8,10","3,5,7",14.268279490125064
13,13,2.2638674617138452,2.259863508455809,"1,4,6",1,8.575203482086017
14,14,8.496755389270577,7.053523140809132,3,"1,2,6,7,9",17.270821986448098
15,15,6.164563863007812,7.076496737743819,10,"1,2,3,4,5,6,7,8,9,10",15.61121174208616
16,16,6.619200788913466,0.0,"2,4,6",N/A,22.92170117329127
17,17,6.337870536433035,0.0,"1,3,4,6,7,8,10",N/A,21.67078587733874
18,18,0.7597445728073959,6.51697886480172,"1,2,3,4,5,6,7,8,9,10","3,6,7,10",22.681904272495395
19,19,5.80675358071449,5.245707862510325,6,"1,4,5,6,7,8,10",12.228458733353584
20,20,8.853491888778398,2.006865351953908,"1,2,3,4,5,6,7,9,10","6,7,8,9,10",16.015361723164936
21,21,2.2250384452515393,6.323176186221689,"1,2,4,5,6,7,9,10","4,10",16.683041811501162
