,Job ID,Stage-1 Processing Time,Stage-2 Processing Time,Stage-1 Machines,Stage-2 Machines,Due Time
1,1,6.456812905706069,9.79285990685263,"1,2,3,4,5,6,7,8,10,11,12","1,2,3,4,5,6,7,8,9,10,11,12",22.829028029263387
2,2,4.9093930447925525,4.603832549838663,"2,3,5,9,10","1,2,3,7,9,12",17.08573288971174
3,3,9.188125967900909,4.8504555005755225,"1,2,3,4,6,7,9,10,12","3,4,6,8,9,10,11,12",19.67519969074596
4,4,6.3699640831193625,7.717706050141508,"3,4,8,9,10","2,3,4,5,7,8,11,12",16.97222680279352
5,5,2.456838856358413,9.500775939808543,"6,7,11","1,2,4,6,8,9,11",21.483778000502113
6,6,0.7137872429806136,9.226542740842035,"1,5,6,9,10,11,12","1,2,3,4,5,6,7,8,9,10",23.174212418118223
7,7,8.150784709061142,4.961790116075445,"1,11","1,2,3,6,7,9,10,11,12",14.549253402980051
8,8,7.448566307336586,5.50124611305143,"1,2,3,4,5,7,8,9,10,11,12","4,6,9,10",15.750989751760144
9,9,6.926206757514068,0.0,"1,3,4,5,6,7,8,9,11,12",N/A,12.054347350687372
10,10,1.7583498215598803,0.0,"1,2,3,7,8,9,10,11,12",N/A,11.173644419124091
11,11,6.023320023486663,0.46959673823976145,"1,2,4,5,6,7,8,9,10,11","4,5,6,10",11.414550839713367
12,12,1.9382830766862713,0.0,"4,10",N/A,15.136369557438762
13,13,6.5817860589558705,3.871430626115594,"1,3,4,8,11,12","1,5,7,8,9,10,11",11.458929457927969
14,14,4.263331003494946,4.963528469422745,"3,5,9","3,8,10",12.063234154819396
15,15,3.058890151429722,5.429734387321991,"2,4,5,6,9","1,2,5,6,8,9,10,11,12",22.176684223536874
16,16,5.167762116917879,0.0,"1,2,3,5,6,8,12",N/A,11.64214429616219
17,17,7.469678097219363,5.552910967160911,"2,3,4,7,8,9,10","1,4,5,6,8,9,10,11,12",15.761014271178576
18,18,2.7546364042812996,3.141039124015496,8,"1,2,3,4,5,6,8,9,10,11,12",19.944788733074287
19,19,1.4190915481588984,2.8161135365281806,"1,2,4,5,6,7,9,10,12","2,3,4,5,6,7,10,11,12",11.645138407949101
20,20,2.164860826288333,8.339871172663582,"1,2,3,5,6,7,8,9,10,11,12","1,2,3,4,5,6,7,8,9,10,11,12",20.00070245529281
21,21,9.185799774656742,3.1709582559161618,"5,8,11","1,2,3,4,5,6,8,9,10,11,12",20.55306858074157
22,22,8.710186085359599,8.639289388075904,"1,2,3,4,5,6,7,8,9,10,11,12","2,4",21.49280776605085
