,Job ID,Stage-1 Processing Time,Stage-2 Processing Time,Stage-1 Machines,Stage-2 Machines,Due Time
1,1,2.678443068984965,0.0,"1,2,4,5,6,7",N/A,12.385733030806755
2,2,8.002961566816317,5.547129386496278,"3,4,6,7","3,4,6,7",17.32277821599247
3,3,2.5345493904487992,0.0,"2,3,5,7",N/A,10.634590377888584
4,4,3.367665684939137,0.0,"1,2,3,4,5,6,7",N/A,22.06009358684459
5,5,3.547449347916646,0.9935264215175599,"1,2,3,4,6,7","1,2,3,4,5,6,7",23.489688185903667
6,6,2.3563222153146324,2.1500323770076113,"1,5,7","2,3,5,6,7",4.866186865744924
7,7,1.3051366943095921,0.0,"1,2,3,4,6,7",N/A,18.751344052487063
8,8,6.059061897085492,8.74947775694056,"1,2,3,5,6",6,20.369166711611584
9,9,1.3067001185189808,3.1947678660028167,6,"5,6",10.274191253598762
10,10,0.3032427018770123,0.0,6,N/A,6.252321519201745
11,11,7.344130933930022,0.0,"2,3,4",N/A,14.146529919422854
12,12,9.215002221843843,5.407500946460148,6,"1,2,3,4,5",22.68169125088278
13,13,9.763633500651654,3.0744929008726487,"1,3,5,6,7","1,2,4,6",14.669278285949515
14,14,0.669727814322727,4.739797077311208,3,"1,2,3,4,5,6,7",15.62875020835074
15,15,6.4651183557904135,0.3865309556944696,"1,2,3,4,5,6,7","4,6",12.41353667895234
16,16,7.264844271801826,1.924788834200195,"4,5,6,7",6,22.096234545361447
