,Job ID,Stage-1 Processing Time,Stage-2 Processing Time,Stage-1 Machines,Stage-2 Machines,Due Time
1,1,4.5699288760447345,7.67568491975204,"1,2,4,6,7,9,10,11,12,13,14,15","1,2,3,4,5,6,8,9,10,11,13,14",19.530714576741776
2,2,1.5717021537912845,0.397957906118781,"1,2,4,5,6,7,8,9,10,11,12,13,14,15","1,2,3,4,6,7,8,9,10,11,12,13,14,15",16.74424655975168
3,3,6.139791817262143,6.08228260193469,"4,6,11,14","1,2,4,5,6,7,8,9,10,11,12,13,15",12.630152749669476
4,4,6.6646417057925795,0.7700285500360615,"1,5,12","1,2,3,4,5,6,8,9,10,11,12,13,14,15",20.63738327937012
5,5,5.997006970498817,0.0,"1,2,4,5,6,7,8,9,10,11,12,13,14,15",N/A,17.744435477015532
6,6,7.871717960626665,0.7161551577607228,"2,4,5,7,8,9,12,13,14,15","2,7,9,10,11,13,14",10.617155198874556
7,7,5.2233398439477865,9.52500997003056,"1,4,5,6,7,10,11,12,13,14,15","1,2,3,5,6,7,8,9,10,11,12,13,14,15",20.000295746005065
8,8,0.3116970855177359,8.149168929485343,"1,2,3,4,5,7,8,9,10,11,12,13,14","1,7,9,10,11",18.715577606304524
9,9,8.471011197946762,7.4977447606667935,"1,2,3,4,6,7,8,9,10,11,13,14,15","1,2,3,6,9,11,13,14,15",22.4175603143492
10,10,6.455240887339691,7.861498623702992,"1,3,6,7,8,9,11,12,13,15","1,2,3,4,5,6,7,8,9,10,11,12,13,14,15",21.16606504095244
11,11,2.908888986958126,0.0,"1,2,3,4,5,6,7,8,9,10,11,12,13,14,15",N/A,16.199103476575456
12,12,2.845299313318236,3.393553364987163,"1,2,3,4,5,6,7,8,9,10,11,12,13,14,15","1,2,3,4,5,6,7,8,9,10,11,12,13,14,15",9.836850732242045
13,13,0.21103404470953047,2.2067563677022726,"4,7,12,13,14","1,3,5,6,7,8,12,13,14",2.634810749984114
14,14,8.172457905144448,4.019836171556294,"1,4,8,9,10,12,13,14,15","8,14",18.444739600588754
15,15,9.882050922734196,9.634268853168864,"1,2,3,4,8,9,10,11,12,14","1,5,11,13,15",22.335811670068722
16,16,9.893852059691639,1.3281849998255135,"2,3,5,6,9,10,11,13","1,2,3,4,5,6,7,8,10,11,12,13,14,15",19.91061542750918
17,17,1.5956094669746845,0.0,"1,2,3,4,7,11,15",N/A,22.418240648871773
18,18,7.6369198943493535,3.4414242100357306,14,"1,2,3,4,5,6,9,10,12,13,14,15",12.76653007134379
19,19,8.882296147427846,3.206819763504897,"3,6,8,10,13,14,15","3,6,10,11,12,13",19.707511430702308
20,20,7.418369760557973,3.570338558096479,"1,9,13","2,6,10,11",19.144079061397022
