,Job ID,Stage-1 Processing Time,Stage-2 Processing Time,Stage-1 Machines,Stage-2 Machines,Due Time
1,1,0.895297097092782,5.042943099188571,"1,3,5,6,7,8,10,12","7,8",18.255579994549123
2,2,4.632793880689072,4.629726886378354,"2,3,4,5,8,10","4,6,7,8,12,13",14.066213901831267
3,3,8.965097239371895,0.0,"6,8,10,11",N/A,21.518154398232692
4,4,1.4510097699553504,6.206822554993443,13,"2,3,6,7,8,11,12",15.937921381752396
5,5,5.421338334024997,3.641687684499084,"7,10,13",10,15.810785298799688
6,6,8.747678954810244,1.2775223871475239,"1,4,6,7,10,11,12","2,4,8,9,10,11,13",11.289680204573724
7,7,5.0161820128134895,1.7709978916651026,"1,2,3,4,5,7,8,9,11,12,13","3,4,6,8,9,10,11,12,13",16.37591928880239
8,8,1.899584711766007,7.2003036870859125,"1,2,4,5,6,7,11,12,13","1,2,5,8,9,10,12,13",21.72211196004735
9,9,2.253530636195168,1.0091247061504394,"2,4,7,11","3,8,9",18.93548096973885
10,10,5.7660075123047925,8.432432278623205,"2,4,5,6,8","1,2,3,4,5,6,7,8,9,10,12",21.96098653732887
11,11,0.011777978519809107,4.785478005126795,"1,4,8,10,13","1,2,3,4,5,6,7,8,9,10,11,12,13",23.868182514595368
12,12,9.553652707921383,1.08889193526705,"1,2,3,6,9,11,13","3,5,13",12.132165126923212
