,Job ID,Stage-1 Processing Time,Stage-2 Processing Time,Stage-1 Machines,Stage-2 Machines,Due Time
1,1,1.5047133305272253,1.74310581844632,"1,2,3,4,5,6","1,3",14.210500660331363
2,2,7.757200796627702,0.0,"1,4",N/A,13.54838776242649
3,3,0.6762598687325883,2.6990411862969577,3,3,15.709936241471446
4,4,6.606569617160506,0.09540637734713142,1,"1,3,4,6",18.27632258806758
5,5,2.111356130606876,1.5486869052222363,2,"1,3,5",9.408866638781731
6,6,7.123024473368799,3.631500210104539,"1,2","3,4",21.245145917548356
7,7,1.5517556725746873,9.76288269121691,2,"1,2,3,4,5,6",18.621346984118865
8,8,7.071791278018303,0.03171343334019472,6,"3,6",18.492419970354383
9,9,0.11289165132605583,4.97615260771653,"1,2,3,4,5,6",6,9.170991504204832
10,10,3.896689614618488,3.589049869335147,"1,2,3,4,5,6","1,2,6",20.469952257304154
11,11,2.0863266652007537,8.428468665164862,"1,6","1,2,3,4,5,6",13.45296833407922
12,12,1.535084076712141,3.7477749852682996,"3,5,6","1,2,5,6",14.013691558243782
13,13,4.181424942311479,1.278535649706345,"1,2,3,4,5,6","1,5,6",14.902099438921967
14,14,6.064901947489945,4.149586089792615,"1,3,5",4,11.724806262348583
15,15,6.758259509097567,7.37615342855681,6,"1,2,3,5",15.8954567035128
