,Job ID,Stage-1 Processing Time,Stage-2 Processing Time,Stage-1 Machines,Stage-2 Machines,Due Time
1,1,5.0006680684909535,0.0,"7,16",N/A,23.676164042348113
2,2,0.37097211251879925,1.696861698951203,"1,2,3,4,5,6,7,8,9,11,12,13,15,16","4,5,7,11",3.527039388569473
3,3,0.9967798617172174,6.671985744705156,7,"4,5,6,7,9,11,13,14,15",22.338493819968956
4,4,8.531357459662441,9.267012470337852,"1,2,3,4,5,6,7,8,9,10,11,12,13,14,15,16","2,4",20.65158379945235
5,5,5.790797827756733,9.100820722947022,"3,4,5,6,7,8,9,10,11,12,13,14,15","6,9,11,13,14",23.597000516560797
6,6,0.4043004344385148,5.366460735371431,"1,2,3,4,5,6,7,9,10,11,12,13,14,15,16",6,12.619159062853146
7,7,6.4332294561888155,1.676304246716941,"4,5,10",16,16.860299050913017
8,8,3.5455999938618943,9.924420644551486,"1,2,3,4,5,6,7,8,9,10,11,12,13,14,15,16","1,3,4,5,8,11,12,14,15,16",16.867202462430946
9,9,6.933269848316313,9.981090280676657,8,"1,2,3,4,5,7,8,9,10,11,12,14,15,16",19.49352428494819
10,10,5.924633356857449,0.0,"1,7,12,14,16",N/A,13.895179172625308
11,11,8.396375704455828,4.446601214709046,"1,2,3,4,5,6,7,8,9,10,11,12,13,14,15,16","6,13",20.137697082958425
12,12,3.5941065296916475,7.5297300373913,"1,2,3,4,7,8,11,14,16","1,4,5,6,7,8,9,10,11,12,13,15",20.978408518718503
13,13,6.9290418434810555,6.142320858040414,"4,6,8,15,16","1,2,3,4,5,6,7,8,10,11,12,14",22.436682715357666
14,14,5.2991581372646746,2.210214048127337,"1,2,4,5,8,9,14,15,16",14,19.22228399505763
