,Job ID,Stage-1 Processing Time,Stage-2 Processing Time,Stage-1 Machines,Stage-2 Machines,Due Time
1,1,7.915203955750789,5.84345540181482,"6,7,11,13,14,15","1,5,7,8,12,15",21.882080551017523
2,2,2.150933555283099,3.028868141590242,"1,2,3,4,6,7,8,9,11,12,14,15,16","1,2,3,5,6,7,8,9,10,12,13,15,16",9.64022221271821
3,3,3.2619229046506657,4.214007850056442,"1,6,7,13","1,5,6,7,10,11,12,13,15",22.279758352189187
4,4,9.841893472877864,6.449638457576493,"4,10,11,13","1,2,3,4,6,7,8,9,10,12,13,14",23.29916044060741
5,5,3.078317634776291,0.6161325824816222,13,"2,4,6,9,10",18.757682246721057
6,6,4.933641134794215,0.9869316625793911,16,"1,2,3,4,5,6,7,8,9,10,11,12,13,14,15,16",10.457437268278738
7,7,3.8520877703742284,3.1018796878163126,"7,9","5,8",13.236436139466184
8,8,8.282710914280306,1.7180326427913972,"2,3,4,5,6,7,8,10,11,12,13,14","3,4,5,10,12,14",22.460449485694063
9,9,5.546892242045694,0.0,12,N/A,15.853677093507525
10,10,3.336784552076538,4.103103342181253,"1,2,6,9,12,13,14,15,16","4,5,6,7,9,15,16",21.82066508718571
11,11,4.718654302103998,7.5842776930651485,"1,2,11,15","1,3,4,5,7,8,9,11,12,13,14,16",17.609187253602226
12,12,2.4659748734195377,5.8680522214293385,"4,6,8,9,10,11,12,13,15,16","1,2,3,4,5,6,7,8,9,11,12,14,16",17.54842013535637
13,13,8.880640129517518,2.11923792372943,"1,2,3,4,5,7,8,10,11,13,14,15,16","4,6,7,8,10,11,13,14,15",20.517446968907713
14,14,0.15848737179122274,0.0,"7,10,11,15",N/A,9.836303395989635
15,15,1.8546412623388941,2.41089372914106,"1,2,3,4,7,8,9,14,15","2,3,5,15,16",11.794468482497171
16,16,3.9444285204314755,2.0667548117220758,"5,7,11,16","1,2,3,4,5,8,9,10,11,12,13,14,15",17.771456459863188
17,17,8.271650186728913,4.348622168982148,"1,4,5,8,12,14","3,8,12,14,15",13.056481719230714
