,Job ID,Stage-1 Processing Time,Stage-2 Processing Time,Stage-1 Machines,Stage-2 Machines,Due Time
1,1,8.759309232820453,4.192405032813583,"1,3,8,10,11","1,2,3,5,6,8,11,12,13",18.40390025537774
2,2,7.985963125222767,7.414597736088238,"2,3,4,5,6,8,10,11,12,13","1,2,3,4,5,7,8,9,10,11,13",19.13307464765264
3,3,6.353226577326367,1.6566676322623475,"3,7,10","2,5,6,7,8,9,10,11,13",17.45276957412098
4,4,3.9036272083604198,3.4262969402453427,"2,3,12,13","1,2,4,5,6,7,8,10,11,13",7.407965676884481
5,5,7.781833121179162,9.732207541049265,"1,13","1,2,3,4,5,6,7,8,10",19.087410343124613
6,6,4.960235271135386,7.171112205466801,"1,4,5,6,7,8,11,12,13","5,9",19.014188087622763
7,7,1.029985497764797,8.244281833332153,"5,9,10,12,13","1,2,5,6,8,10,13",17.271955010865035
8,8,9.77661578213164,6.771634337087243,"1,2,3,4,5,6,7,8,9,10,11,12,13",3,22.657885713069064
9,9,6.468826613045554,5.620929841232037,"1,8","1,2,4,5,7,8,9,10,11,12,13",23.90826767424139
10,10,8.487191950723139,0.39430334503993913,"1,2,6,8,9,10,13","2,5,8,10,11",22.675563937293227
11,11,8.850280061369634,1.1093822986580248,"1,2,4,5,6,7,8,9,11,12,13","2,4,6,9,10,11,12,13",16.863684875149104
12,12,8.81704578715243,1.296528696991166,"1,2,3,6,7,8,9,10,11,12,13","8,11,13",10.221261984519025
13,13,1.3941990280725525,0.8604655908365522,"1,2,4,6,7,8,9,11,12,13","1,6,9,11,12,13",13.754988521198236
14,14,6.10074566196936,0.09984421128121257,"2,4,6,7,8,9,10,11,12,13","1,2,3,6,7,8,9,12,13",23.502067808558536
15,15,3.4981812349368226,4.541482366533057,"1,2,3,4,5,6,7,8,9,10,11,12,13","1,3,4,6,7,8,10,11,12,13",8.815167779112798
16,16,1.1033938833849266,7.346617759645442,8,"1,2,5,8,9,10,12,13",13.074178591253517
17,17,0.1499944881090698,6.795740358405082,"1,2,3,4,5,6,7,8,9,10,11,12,13","2,4,8,11",7.828175037887489
18,18,0.047448804874542505,5.711043688598966,12,"1,2,3,4,6,7,8,9,10,11,12,13",7.70549334388413
19,19,7.917326937622622,8.791043903274835,"5,8,9,10,11","1,3",20.189092847024938
20,20,6.930610026297611,0.0,"4,6,7,10,11,13",N/A,21.047693221768824
21,21,7.844780118614132,8.56600256889321,"1,2,3,4,6,7,8,9,10,11,12,13","1,2,3,4,5,6,7,8,9,10,11,12,13",19.845248965878596
