,Job ID,Stage-1 Processing Time,Stage-2 Processing Time,Stage-1 Machines,Stage-2 Machines,Due Time
1,1,1.7739287274585502,5.70217149935481,"1,12","1,2,3,4,5,6,7,8,9,11,12,13,14",14.27807921956326
2,2,5.5292234906942594,5.6230050987356375,"3,10","2,7",13.334059681169066
3,3,7.877589361168158,7.98173651701841,"1,2,3,6,7,8,9,10,11,12,13","1,2,3,4,5,6,7,8,9,10,12,14",22.54472945758452
4,4,8.807572274956852,7.29380218311184,"1,3,14","2,6,8,9,12,13",17.023968847046355
5,5,2.5668264880439775,1.8617508309444408,"1,2,3,4,5,6,8,9,10,11,12,13","1,2,3,4,7,8,14",8.237708578942591
6,6,3.6711297264569174,9.226199654287923,"2,4,5,10","2,3,4,5,6,7,8,11,12,13,14",13.923001440430909
7,7,9.905806223310643,6.401710235392185,"1,2,3,4,5,6,8,9,10,11,12,13,14","5,13,14",18.049065837507694
8,8,4.830753857267531,0.8941604723718799,"2,3,4,5,8,12,13","6,12",8.752167449976378
9,9,6.0718786981635295,4.643960345833032,"1,3,8,9,12","1,2,3,4,6,8,9,11,12,14",18.800109496246712
10,10,9.367162793807223,2.255215385887265,"1,2,4,5,6,7,8,9,10,11,12,13,14","7,11,12",17.604748731521003
11,11,5.567509573332524,8.62918465700666,"2,3,4,5,6,7,8,10,11,13,14","1,2,3,4,5,7,8,9,10,11,13,14",17.779185653325037
12,12,2.559592786519297,0.0,"3,4",N/A,6.61555436043049
13,13,7.501083024900813,0.6737207850240778,"1,2,3,4,5,6,7,9,10,11,12,13",4,15.543383855817945
14,14,6.673704229233276,6.84622678013905,9,"3,4,6,8,10,11,13",13.61948338423315
15,15,9.68554556792749,7.073704964736716,"1,3,4,5,6,7,8,9,10,11,13","1,2,3,5,7,8,10,11,12,13,14",19.082561043019588
16,16,4.462080457004216,3.3100614835445032,"1,2,3,5,6,7,8,9,10,11,12,13,14","4,5,9,12",8.646455279343888
17,17,8.39008268863105,3.9871318364699637,"2,3,5,7,10,12,14","2,3,5,9,11,12,13",22.497032037302514
18,18,5.893613940078952,3.2559707209401125,"5,8","7,11",22.972022707101367
19,19,0.04452865894524205,4.4019742356592895,5,"1,2,4,8,9,13",7.794843579014454
20,20,0.8079198090955464,4.293298988405658,"1,2,3,4,6,7,8,11,12,13,14","1,2,3,5,6,9,12,13,14",13.576800260239018
