,Job ID,Stage-1 Processing Time,Stage-2 Processing Time,Stage-1 Machines,Stage-2 Machines,Due Time
1,1,5.526068342086558,9.204625976415274,"2,3,4,5,6,7,8,9,11",4,19.67035952954745
2,2,7.600460840096954,5.749329528813424,"1,2,3,4,5,6,7,8,10,11","2,6,9,10,11",16.127583591999393
3,3,3.1980398207234573,2.983325416639697,"1,3,4,5,6,7,8,9","1,2,3,4,5,6,7,8,9,10,11",6.198167833966054
4,4,8.56293536727737,4.236546997032653,"3,4,6,7,8,9,11","1,2,3,4,5,6,8,9,10,11",20.23122345700156
5,5,0.8098822382892534,0.0251118245063342,"1,2,3,4,5,6,7,8,9,10,11","1,4",19.14064251076918
6,6,0.028833273492465672,5.2209978657026515,"1,2,3,4,5,6,7,8,9,10,11","1,5,7,8,9",5.912438111991895
7,7,8.903501639699202,5.17520669169064,"2,3,4,5,6,7,8,9,11","4,6,7,8,9",16.456405023934884
8,8,8.387776049436392,4.809538509447471,"2,3,8,10","1,2,3,4,5,6,7,8,9,10,11",15.441037033639343
9,9,3.843479912261306,5.400848292694666,"2,4,9","3,5,6,7,8,9,10,11",22.29587222246082
10,10,0.6694364698381294,4.85231785423389,"1,2,3,4,5,6,7,8,9,10,11","1,2,4,5,6,8,9,10,11",21.65797383184656
11,11,3.808505100234869,3.8174789088320757,"3,6","1,3,5,8,9,10,11",16.28896295105447
12,12,9.935525776916178,6.665292904585924,"3,6","2,3,4,5,6,7,8,9,10,11",19.846104740320367
13,13,1.4601284655909075,0.2577172458893384,"2,6,8,9","1,2,3,4,5,6,7,8,9,10,11",5.05369446251929
14,14,8.776854234022576,0.0,"1,2,3,6,8,9,10,11",N/A,19.38117970694548
15,15,7.713348591420371,1.7495499351535393,"1,10",7,22.755295558722466
16,16,9.553282642890418,4.40590098311366,"1,2,3,5,6,7,8,9","1,2,3,4,5,6,7,8,9,10,11",18.72282256656662
17,17,6.725990337759717,9.839185467703226,10,"1,3,7",19.903334430198814
18,18,3.299462310244563,2.8734936308788672,"1,5,10",9,12.401665305200712
