,Job ID,Stage-1 Processing Time,Stage-2 Processing Time,Stage-1 Machines,Stage-2 Machines,Due Time
1,1,3.082473913671212,8.709098489585864,"1,2,4,5,7,10","1,4,6,8",12.823447604654099
2,2,5.861191627032988,5.592900759287539,"2,5,7,9,10","1,2,4,5,6,7,8,10",11.522423504958102
3,3,2.645283112594808,0.0,"5,6,9",N/A,16.467632610319008
4,4,5.404128445748598,0.4419625104163927,"1,2,3,4,5,10","1,2,3,4,5,6,7,8,9,10",22.39965153664795
5,5,5.086424052881032,0.6108069297215191,"2,3,5,6,8,9,10","2,3,4,5,6,7,9,10",7.5301414158565105
6,6,3.1383338532453484,7.98039177180817,"1,2,3,4,5,6,7,8,9,10","1,3,4,6,7,8,9,10",19.20402218561633
7,7,9.464728944798479,6.741624387718577,"2,4,6,9",4,21.22165066499
8,8,4.605091440839661,0.0,"3,4,5,6,8,10",N/A,21.07131096038032
9,9,4.335928906894696,8.529118088037892,"1,2,3,4,6,7,8,9,10","1,3,4,5,6,7,8,9,10",14.56799858536641
10,10,9.658720168265093,7.753723061640394,"3,4,5,6,7","1,2,6,7,8,10",19.088074432365413
11,11,7.999232662540866,0.0,"1,2,6,9,10",N/A,17.56578087655786
12,12,1.1451161663962317,0.8096249365377817,"2,9","1,5",7.294804687573117
13,13,2.8069892616173164,0.21528957480729805,"2,5,10","1,2,3,4,5,6,7,8,9,10",12.81463955643559
14,14,4.257653497210574,3.95832042174319,3,"1,2,3,5,6,7,8,9,10",17.134799273610575
15,15,7.376987475149566,3.3916217531103934,"1,3,4,5,6,7,9,10","1,2,3,4,5,6",14.661180098655016
16,16,8.520196222475665,4.681353007037226,"4,6,9","1,2,4,6,8,9",18.641841768060786
17,17,1.9225472817968403,0.0,"1,2,3,4,5,6,7,8,9,10",N/A,8.353166443305293
18,18,9.470798452518888,2.5993187579128785,"1,3,4,5,8,9,10","1,3,5,6,7,8,9",21.240882902231483
19,19,0.9014330926903225,8.841924379672802,"1,2,3,5,6,7,8,9,10","1,3,4,5,6,8,9",22.637341697029406
20,20,3.615193757125843,6.66745074494283,"1,2,3,4,5,6,7,9,10","1,3,6,9",16.869153648042836
21,21,4.332307277061,8.523167804458073,"3,5,6,7,8,9,10","3,4,7,8",20.40964887300608
