,Job ID,Stage-1 Processing Time,Stage-2 Processing Time,Stage-1 Machines,Stage-2 Machines,Due Time
1,1,5.180946757661985,0.0,"4,6,15,16",N/A,16.751516576586642
2,2,4.88929008102245,2.501852791286998,"2,3,4,5,6,7,8,9,10,11,12,13,14,16","2,7,9,10,11,13,16",23.052359820609908
3,3,8.664286769450776,0.0,"1,2,3,4,5,7,8,9,10,11,14,15,16",N/A,14.986431642701241
4,4,4.937025043310762,0.0,"1,4,5",N/A,18.510140398269925
5,5,2.4769286472616745,6.80896976430345,"1,2,3,4,5,6,7,10,12,13,14,15,16","2,3,5,6,13,15",13.51384837287853
6,6,5.3524983580591226,2.0672314536906153,"1,2,3,4,6,7,8,9,12,13,14,15,16","1,4,8,9,10,12,13,15",7.865516195328561
7,7,2.8400116978121015,3.897566482564744,"4,5,7,8,11,13,15","1,2,3,6,7,8,10,11,12,13,14,15,16",13.659056055761123
8,8,3.2340992430949003,6.142799020533079,"1,2,3,6,9,10,11,12,13,14,15,16","1,3,5,6,7,8,11,12,13,14,15",14.504607839843034
9,9,4.810823794804149,3.7817181716616597,"1,2,3,6,10,11,12,13,14,16","3,4,5,7,8,9,10,11,13,15,16",17.91357580858864
10,10,8.269991648588345,4.834350577402669,"1,3,4,5,6,7,8,10,11,12,13,16","2,10,16",13.6448365159811
11,11,8.725868391356073,4.153731739169531,"2,6,7,9,11,12,14","7,9,13,14,16",23.41765765750999
12,12,5.355497695531806,0.0,"2,11,12,14,16",N/A,10.453311630537062
13,13,6.615009235449081,1.0740265931103843,"1,3,9,11,14,15","2,3,4,5,6,7,10,12,13,14",18.922991444994025
14,14,9.684020965987084,7.245600487543875,"1,2,3,4,5,6,7,9,12,13,14,16","1,2,5,6,8,10,11,12,13,15",18.360620598554778
15,15,3.3337575004478035,1.4161850276216537,"2,6,9,11,14,15,16","1,2,3,4,5,6,7,8,9,10,11,12,13,15,16",14.098091140332038
16,16,3.1306256605626617,6.0346774480049135,"1,2,3,5,6,8,9,10,12,13,14,15","2,9,11,16",12.2034239936801
