,Job ID,Stage-1 Processing Time,Stage-2 Processing Time,Stage-1 Machines,Stage-2 Machines,Due Time
1,1,5.247179891144445,6.651438236018507,"1,3,6,9,11","7,11",11.898790902411928
2,2,5.631097744677618,2.805537853383165,"1,2,3,4,5,6,7,8,9,10,11,12,13","3,4,5,7,8,9,10,11,12,13",22.137131179151936
3,3,8.544291410018332,2.8772550704377506,"1,2,4,5,6,7,9,11,12,13",10,17.13806955282595
4,4,6.951805792554678,1.159333925456526,"1,5,7,9,11","3,5,6,10,11,13",17.22425196659009
5,5,0.060042585193108566,0.0,"10,12",N/A,11.007014161417963
6,6,4.567467245687657,8.021596460330517,"1,3,5,8,11,12,13","1,2,3,4,5,7,8,9,10,11,12,13",21.947970902374895
7,7,3.8423372037770855,9.373091872994792,"4,12","1,2,3,4,5,6,7,8,9,10,11,12,13",17.426167403201994
8,8,3.758077598059341,0.0,"5,8,9,11",N/A,15.248753715111455
9,9,7.433609905470334,7.149773656449529,"1,6,7,11,13",13,17.444138557315576
10,10,2.6874548543603916,5.63601406721917,"1,2,3,4,5,6,7,8,9,10,11,12,13","1,2,4,6,7,8,10,12,13",14.627355598857399
11,11,5.230481014704974,0.6624247195717547,7,"1,2,3,4,5,6,7,8,9,11,12,13",10.619970468551294
12,12,9.523262522116728,9.511366591966517,"2,3,4,6,8,10,11,12,13","2,12",21.065483991865634
13,13,5.7784266267590105,2.104898438862939,"1,4,9","1,2,4,5,6,11",8.447814679161592
14,14,6.483754774276891,0.8030526127949145,"1,3,4,5,6,7,8,9,10,11,12,13","1,4,6,9,13",17.564708973031706
15,15,4.18910897302828,0.5025438344985911,"1,2,3,4,5,6,7,8,9,10,11,12,13","1,2,4,6,9,10,12,13",18.17134450152369
