,Job ID,Stage-1 Processing Time,Stage-2 Processing Time,Stage-1 Machines,Stage-2 Machines,Due Time
1,1,5.058336166113171,5.908034729065133,"2,7","1,2,3,4,5,6,7,8,9,10",14.09449890671554
2,2,5.750711346209634,0.9263114976582154,"3,6,9","1,8",23.269264472822055
3,3,2.9033526347479075,6.070041698228411,"1,2,4,5,6,7,8,9,10","1,2,3,4,5,6,7,8,9,10",12.658624812804922
4,4,9.769735819554615,0.0,"1,2,4,5,8,9,10",N/A,21.146767957372212
5,5,9.489265205414792,2.5979996170728326,"7,8,10","2,6,7,8,9,10",12.19066044808469
6,6,2.180133099528978,3.56662480344922,"2,4,5,6,8,10","4,5,7,8,10",16.81958149714429
7,7,2.6902510344854202,0.0,"4,5,7,8",N/A,22.745740336763504
8,8,8.430121671884649,0.0,"3,7,8,10",N/A,14.769951968669174
9,9,1.9739459781998614,3.633437262710153,"1,2,3,6,8,9,10","3,4,5,6,8,9,10",8.597679296610114
10,10,5.925499068201274,6.607653149019618,"1,2,3,4,5,6,7,8,9,10","1,2,3,4,5,6,7,8,9",14.032732517197248
11,11,5.3914139486675765,6.472088462720752,"2,6,7,8,9,10","1,3,8,10",12.02663306170982
