,Job ID,Stage-1 Processing Time,Stage-2 Processing Time,Stage-1 Machines,Stage-2 Machines,Due Time
1,1,8.368112931428723,6.338510864821845,"4,5,7,9,11,12,13,15,16,17,18,19","3,7,17",17.369778262440743
2,2,9.04946463041539,0.8367348804564112,"5,17","1,11,12,13,19",20.602062107333573
3,3,0.2923213741401365,3.71579281998034,"1,11,16","1,2,3,4,5,6,7,8,9,10,11,12,14,16,17,18,19",19.752161765787303
4,4,9.751631849938713,5.114410958966863,"4,5,6,7,8,10,13,14,15","2,3,4,5,7,8,9,10,11,12,13,14,15,16,17,18,19",22.680088969286274
5,5,9.252319971148836,8.683549772212032,"1,2,3,4,5,6,7,8,9,10,11,12,13,14,15,16,17,18,19",13,21.743560172688674
6,6,1.857402992974586,1.9557188876469456,"2,3,7,11",12,11.103712547423143
7,7,2.586543598839052,0.5143470245715387,"4,7,10,11,15,17","10,17,19",10.39022997690827
8,8,0.3749012053555123,4.402408379490753,"3,4,9,11,12,15,16,18","1,2,4,6,7,8,11,12,13,14,15,16,18",11.99013351844864
9,9,4.979594875789562,2.982418964514626,"2,13,14,15","1,3,4,5,6,7,12,14,15,17,19",20.437427550174036
10,10,8.149531352427926,2.0360098991058773,"2,4,5,7,9,10,11,12,14,15,16,18","3,5,7,8,9",12.026449864362085
11,11,9.488907104176059,5.024429876247323,"2,4,6,7,8,9,10,11,13,14,15,16,17,18,19","2,3,4,6,7,8,9,10,11,13,16,17,18,19",20.887663569941537
12,12,2.973586175750893,0.047532169223540865,"2,4,6,8,11,17,18","1,2,4,5,6,7,9,11,12,13,14,15,16,18",22.12673100080919
13,13,0.8969120146241993,9.951853516282751,18,"1,2,3,4,5,7,9,10,11,13,14,15,16,17,18,19",14.510618599806577
14,14,2.626744812156061,7.6212541048420865,16,"1,13,18",16.308006674890503
15,15,0.3699642853862506,2.406868130700821,"2,3,9,11,12,13,14,15,16,17,18","1,2,3,4,6,7,8,9,10,12,13,14,15,16,17,18,19",10.435379880709291
16,16,5.963562495741213,0.0,"1,2,3,4,5,7,9,10,11,12,13,14,15,18",N/A,21.8839593415468
17,17,2.0882028090601725,5.950568450170168,"3,4,6,7,9,10,11,13,18,19","2,6,7,8,9,11,12,13,14,15,16,17,18,19",22.217272338016556
18,18,8.514842877144742,6.752041284044706,"2,6,8,10,11,14,16","1,2,3,4,6,9,11,13,14,15,16,17,18",19.226461205391484
19,19,1.059785485638205,0.605776747972947,"1,2,3,4,5,6,7,8,9,10,11,13,15,16,17,18",17,11.919937957311744
20,20,4.908211608248246,1.0179957874678092,"1,2,4,5,6,9,11,12,13,14,15,17,19","1,2,3,4,5,6,7,8,10,12,13,14,15,16,17,18,19",13.90428670312327
21,21,2.317308423492541,7.875337910217826,"1,2,3,4,5,6,7,9,10,12,13,14,16,17,18,19","3,4,6,9,10,11,12,14,15,17,18,19",20.263951502021186
