,Job ID,Stage-1 Processing Time,Stage-2 Processing Time,Stage-1 Machines,Stage-2 Machines,Due Time
1,1,3.497416703277416,0.0,"2,3,5,7,8,9,10,12",N/A,5.015409067295438
2,2,6.392350356642177,0.0,"4,6,10,11",N/A,9.074682279777194
3,3,9.623780696999196,3.124634301346003,"4,12","5,8",22.669867421137248
4,4,9.800987312136098,7.7668442235472455,"1,3,5,6,7,10","1,2,3,4,5,6,7,8,10,11,12",22.71566276873024
5,5,8.676552255372506,3.320779917944642,7,"1,2,3,4,5,6,7,8,11,12",23.59772729230582
6,6,9.484841620321612,6.962960329593452,"2,3,4,7,8,9,10,12","3,6,11,12",20.338296891826687
7,7,7.92214155948062,6.234272346419514,"1,2,3,4,6,7,8,9,10","1,2,3,4,5,6,7,8,9,10,11",17.591493694608985
8,8,9.919640294955117,0.0,"1,2,4,10,12",N/A,15.303573005075139
9,9,2.860908657349354,8.245236949138308,"4,7,11","3,4,5,7,8,10,11",22.43444436466519
10,10,7.3238545056130615,2.091161706799951,"1,3,4,5,6,7,9,10,11,12","1,3,4,5,6,7,8,9,10,12",15.32837258621137
11,11,6.522845190162455,7.854486423098878,"2,3,5,6,7,8,9,11,12","10,11",17.712652799639287
12,12,5.4515791391571575,1.603887026275771,"2,3,4,5,6,7,8,9,10,11,12","1,2,4,5,6,8,9,10,12",17.841883220912994
13,13,1.6943389745537052,2.5209344611831606,"1,3,4,5,6,7,9","1,2,3,4,5,6,7,8,9,10,11,12",20.443067114201785
14,14,8.033872068723598,8.48064553599033,"1,3,6,10,11","1,2,3,4,5,6,7,8,9,10,11,12",18.696211990534398
15,15,9.750237446498236,2.7432242408122463,"1,3,4,5,7,11",7,13.008591022103497
