,Job ID,Stage-1 Processing Time,Stage-2 Processing Time,Stage-1 Machines,Stage-2 Machines,Due Time
1,1,7.506670092288893,6.123576721564441,"2,11","6,8,16",22.26276577643816
2,2,9.646012221212072,7.904808823990248,"1,2,3,4,5,6,9,10,11,12,13,14,15,16,17,18","1,5,8,9,10,11,12,13,15,16,17,18",23.723557415946466
3,3,5.243129173672352,7.194611185193881,"2,4,5,7,8,9,11,13,14,16,17,18","1,2,5,7,8,9,12,13,14,16,17,18",17.473783644765657
4,4,8.778009667277818,1.3424004474350482,"1,3,4","2,3,4,5,7,8,9,13,14,16,17,18",20.10985895760644
5,5,5.782519443019437,4.17528856892908,"4,7,8","1,3,4,5,6,7,9,10,11,12,16,17,18",14.565665701424772
6,6,0.5317876567440805,6.423102789984636,"1,2,13,14,18","1,3,4,5,6,7,8,9,10,11,12,13,14,15,16,17,18",12.772116678032969
7,7,2.5918146721954605,4.459873231098318,"1,2,4,5,6,8,9,10,11,12,14,16,17","6,12,16",14.674432601697738
8,8,9.656732252646714,1.2210005572044924,"1,2,3,4,8,11,12,13,14,16,17,18","3,4,8,9,11,12,18",23.351860517758148
9,9,2.2023002017980966,0.0,"4,6,12,13,15,17",N/A,14.767960295090667
10,10,9.916598749094016,0.9180657016097149,"1,2,3,4,5,6,7,8,9,10,11,12,13,14,15,16,17,18","1,2,3,5,6,7,8,9,11,13,14,16,18",19.954266638926388
11,11,4.070370778102033,7.9234282326179155,"1,2,6,8,9,10,12,13,14,15,16,18","1,2,5,8,13,14",12.668744735938077
12,12,2.94641495066461,0.0,"14,15,16",N/A,11.43932234100046
13,13,4.576248448407863,2.74634907626032,"1,2,3,4,5,6,8,9,10,11,12,13,14,15,16,17,18","3,8,9,11,16",22.40206890236313
14,14,9.280639955681753,0.0,"1,2,3,4,5,6,7,8,9,10,11,12,13,14,15,16,17,18",N/A,18.36009676777153
15,15,4.522416341568602,9.195995135339452,"5,8,9,17","3,5,10,13,14,15,16,17",21.65760241570402
