,Job ID,Stage-1 Processing Time,Stage-2 Processing Time,Stage-1 Machines,Stage-2 Machines,Due Time
1,1,4.8771211268819865,2.932455879847453,"1,5","2,4,6,7",22.741644456259973
2,2,0.5049726511690811,2.7059424553574374,"2,4,6,7","4,5,7",23.136285939581995
3,3,6.371344698141273,0.0,"1,2,3,4,5,7",N/A,15.19687201288573
4,4,4.450697078902291,6.490371590194345,"1,2,3,5,6,7",5,16.736572886128116
5,5,6.539446446470112,7.291503033650894,"1,2,3,4,7","1,4",20.504756211593655
6,6,9.960130943030274,2.618260108124002,"2,3,4,5,6,7","1,2,3,4,5,6,7",15.570755958282874
7,7,3.9244279234917547,5.89239933429413,"1,2,3,4,5,6,7","2,4",17.22012261327762
8,8,2.7704446944354224,9.447647734031918,"1,3,4,7","1,2,5,6,7",15.422658179241422
9,9,4.2122264344868405,3.570692517346783,"1,2,3,5,7","1,2,3,5,6,7",18.270119187988396
10,10,0.14141791646532953,2.0506868541995207,"1,4,6","1,3,4,5,6,7",3.959097962322332
11,11,5.092590428063385,5.305042317053907,"1,2,3,4,5,6,7","1,2,3,4,6,7",20.252871531185754
12,12,7.5096293317602925,2.76432403982687,"1,3,4,6,7","1,3,5,7",21.642691203383283
