,Job ID,Stage-1 Processing Time,Stage-2 Processing Time,Stage-1 Machines,Stage-2 Machines,Due Time
1,1,9.965294920521178,1.2889325110689098,"1,3,4,5,7,10,13","1,2,6,9,10,14,18",19.603685479234358
2,2,4.907951816325598,2.115447821075158,"1,3,4,5,8,9,10,11,12,13,14,16,17","3,4,5,7,9,10,12,13,14,15,18",8.671380101685514
3,3,6.466824964442489,3.4509385875737664,"1,2,3,4,5,6,7,8,10,11,12,13,14,15,16,17,19","1,2,3,4,5,6,7,8,9,10,11,12,13,14,15,16,17,18,19",15.01106863387517
4,4,9.234634566776394,6.883126427053466,12,"2,9,15,16,17,19",19.383444895283592
5,5,6.520579732864768,0.0,"1,3,4,5,6,7,8,9,11,12,13,14,15,16,17,18,19",N/A,19.927542237848762
6,6,0.5885506935054063,4.832896317236001,"1,2,3,12,13,14,15,17,18,19","7,14",15.136356324158509
7,7,8.37619098947762,0.0,"3,4,7,11,12,14,15,16",N/A,23.128908544442346
8,8,0.7980079511734817,1.6511800244077646,"2,6","1,6,7,16,17",8.749493704660761
9,9,1.4254800278513946,2.8966163634894695,"1,6,8,9,10,11,12,13,14,16,17,19","2,3,6,10,12,13,14",5.601449850685449
10,10,1.4429749934650904,4.646964332094985,"4,6,7,8,9,13,16,17","6,8,12,15",22.12198809716731
11,11,4.0812067634095515,9.24090964319236,"1,3,4,5,6,7,8,9,10,11,12,13,15,16,17,18,19","7,8",18.0474532685919
12,12,7.9381128536315435,6.871703260311639,11,"1,2,3,4,5,6,8,9,10,11,12,13,14,15,16,17,18,19",15.525427161478053
13,13,4.254814579824835,0.0,"1,4,5,6,10,11,12,16,17,18,19",N/A,18.814555685705663
14,14,9.874980184405082,2.283275624981771,"1,2,3,8,10,12,13,16,19","2,4,6",17.417607217326747
15,15,9.998751693443579,5.761204246881176,"3,4,8,15,16,17","1,3,9,10,13,15,17,18",21.514834539045832
16,16,6.082134419236944,9.140220221318291,"1,2,8,12,16,17,18","1,5,6,7,8,10,12,13,18,19",21.78723003574492
17,17,7.054559885605061,4.506902190978932,"2,3,5,11,15,18","7,8,9,12,13,17",19.21191978226919
18,18,2.6274457841154133,0.0,"5,14,17",N/A,22.0305634697024
19,19,2.2030400257133786,1.4513323457948646,"1,8,9,10,11,12,13,16","1,8,9,11,13,18,19",20.10273129416118
