,Job ID,Stage-1 Processing Time,Stage-2 Processing Time,Stage-1 Machines,Stage-2 Machines,Due Time
1,1,7.344829355866695,7.955015023713826,"2,3,4,5,6,7,9,10","1,2,3,4,6,7,8,9,10",20.944467313747392
2,2,7.7448486594844415,9.6449806482153,"1,2,5,8","1,2,3,4,5,6,7,8,9,10",22.559685572912056
3,3,4.748887019777043,0.0,"1,2,3,5,8,9,10",N/A,16.040630082134896
4,4,7.937670649959695,8.1099694032927,"1,2,3,4,5,6,7,8,9,10","2,3,4,5,7,8,9,10",20.813641802450185
5,5,6.359276958226489,8.803801635740129,"1,2,3,4,5,6,7,8,9,10","1,2,3,4,5,6,7,8,9,10",21.709463884632633
6,6,1.38881019236469,5.538435708643808,"1,2,3,5,9,10","2,3,6,7,8,9,10",10.22559328890793
7,7,7.345280097894732,0.0,"1,9,10",N/A,17.297331978565172
8,8,5.457715138317605,0.0,6,N/A,19.642063030173563
9,9,3.7670140829587897,5.890620239702225,"1,2,4,5,6,8,9,10","1,2,3,4,5,6,7,8,10",18.603412169406212
10,10,4.8682190634404385,9.61338713657092,"1,3,7",6,17.53866017748471
11,11,8.812797997459674,0.8851284198735387,"1,2,3,4,5,6,7,8,9,10","1,4,7",10.483904325698314
12,12,0.004789010369083968,2.8505371850656127,"1,3,4,5,8,9","1,3,5,6,8,9,10",14.689663218714266
13,13,2.8664482883642606,0.0,"2,3,4,6,8,10",N/A,13.455523358818944
14,14,1.659351217446905,8.2669621193573,"2,3,6,8,9,10",8,10.088025071140438
15,15,9.750391907956145,0.6932499922938662,"1,4,7,8,9","2,3",19.71273197104736
