,Job ID,Stage-1 Processing Time,Stage-2 Processing Time,Stage-1 Machines,Stage-2 Machines,Due Time
1,1,3.240976293526292,0.0,"2,4,5,6,7,8,9,10,11,13,15,16,17",N/A,8.261511267250288
2,2,7.966585545738559,1.3469621839641177,"6,10,11,12,14","1,5",14.715717302255161
3,3,4.50991213796172,3.2883795516006775,"1,6,11",10,9.175039958386874
4,4,1.5909986372750262,9.941840105258912,"8,12","1,2,8,11,15,17",20.981089165541576
5,5,8.663044955466134,0.9395149900685174,"1,5,6,7,13,14,17","1,2,3,4,5,6,7,8,9,10,11,12,13,14,15,16,17",13.83386629767069
6,6,6.193060964037338,6.130295146881983,"1,4,6,13,16","3,5,6,7,8,9,10,11,12,17",21.930568351528887
7,7,2.131026606622685,5.665296407786222,"1,2,3,4,5,8,9,10,11,12,13,14,15,16,17","5,12",15.60993118933095
8,8,9.70782240773279,7.608010001480875,"1,5,6,9,10,12,17","4,5,6,7,9,11,12,13,15,17",19.301574008872088
9,9,0.9299169028250565,1.226796197773583,1,"2,4,5,6,7,9,12,16,17",2.725415682397441
10,10,3.3927347711845335,5.597714986309698,"1,2,3,4,5,7,8,9,13,17","7,8,9,11,17",20.89732953535149
11,11,1.1544126342275263,5.948338714210327,"2,4,6,7,10,16,17","3,4,6,7,9,10,11,13,14,15,16,17",17.409496862054493
12,12,8.783014866789927,8.398562920641133,"2,5,7,8,9,10,11,12,14,15,17","3,8",18.992400602590777
13,13,5.263577639824204,9.434606784270095,"1,2,3,8,9,10,11,12,13,15,17","1,11",17.538265588029365
14,14,8.05833935727221,2.994054545570073,"1,2,3,6,7,14,15,17","1,2,3,4,5,6,7,9,10,11,12,13,14,15,16",14.882570489324527
15,15,7.671911657572645,4.038951701163892,"11,17","3,5,6,8,9,15",15.891778904756393
16,16,1.3617821201268365,4.859234894291639,"2,4,5,6,7,9,10,12,13,14,15,16,17",4,16.32372874996767
17,17,1.2738148885215095,0.0,"2,3,6,7,9,11,13,15,17",N/A,22.78374864318356
18,18,6.885343965550468,0.0,"5,6,14",N/A,17.029852942243576
19,19,5.225874992931381,9.578117324381035,"1,2,8,9,10,13,14,17","9,17",23.79435663922236
20,20,0.20720789979335463,8.933915300176242,"1,2,3,4,5,6,7,8,9,10,11,12,13,14,15,16,17","9,13,15",12.645995407364305
21,21,0.14046043388079799,6.022299941058426,"1,2,3,4,5,6,7,8,9,10,11,12,13,14,16,17","4,7,10,16",7.504182521491461
22,22,7.188831316737071,4.7260261438472115,"1,2,4,5,6,7,9,16","1,2,3,5,6,11,12,13,15,16",19.2489257908276
23,23,1.7687904611567884,4.838650786323031,"1,3,4,5,6,7,9,10,11,13,14,15,16,17","2,3,4,6,7,8,9,10,11,12,13,16,17",12.807988967653927
