,Job ID,Stage-1 Processing Time,Stage-2 Processing Time,Stage-1 Machines,Stage-2 Machines,Due Time
1,1,7.511700505892595,1.3271542650203283,"1,4,7,8,10,11,15","2,3,6,7,8,15",18.355536028133855
2,2,3.8576884606333186,5.171311037865474,"2,4,12,13,14,15","1,2,3,4,6,8,14",20.287055472744903
3,3,3.887889759671329,0.0,"5,6,8,11,12,13,14,15",N/A,13.400488524057277
4,4,8.932773612401425,6.339829634373705,"3,5,6,11,13","1,7,8,10,11,12,13,15",20.848572051547933
5,5,8.549064346898719,8.777074077652387,"4,6,8,9,12,14,15","1,3,7,8,14",21.38476473374547
6,6,0.4110003574841192,0.0,14,N/A,18.97784263470905
7,7,1.0861304907305158,0.0,"1,2,3,4,5,6,10,11,13,14",N/A,8.841056917316555
8,8,1.04463318442377,7.506358824017157,"1,2,3,8,9,12","1,3,4,5,6,8,9,10,12,13,14,15",11.531678176975575
9,9,5.530682216385564,4.948962636370105,"1,2,3,7,10,11,12,13","1,3,4,5,6,10,11,12,13",18.694886613189123
10,10,9.312945282267902,0.8556598004740146,"1,2,3,5,6,7,8,9,10,13,14,15","8,10,11",14.62871113409923
11,11,2.4917682476964895,6.853648618412688,"2,3,4,6,7,8,9,10,13","1,2,5,7,8,9,10,11,14,15",19.995305632372848
12,12,0.3026461239610323,2.5298286296466133,"1,2,5,6,7,8,9,12,14,15","3,4,7,9,12",19.376139759669982
13,13,4.48663417452678,9.613027316566816,"5,6,7,11,12,14,15","1,2,5,7,9,11,12,13,14",19.192798517305548
14,14,1.395498580422938,0.0,1,N/A,20.027328377532513
15,15,6.541341798248178,6.226765285600084,"4,6,7,8,9,10,11,13,15","3,11",14.05430084304723
16,16,4.590541776624687,2.8904644523023535,"1,3,4,5,6,7,8,9,10,12,13,14,15","2,3,7,8,10,11,12,13,14,15",16.637629780745446
17,17,6.105428874562573,0.0,"6,10,12",N/A,22.26048925721782
18,18,6.787683259486856,7.379710985793178,"1,2,3,5,6,8,9,10,11,12,13,15","4,7,8",16.5274543134954
19,19,6.11055829255983,3.7375581843398784,"2,3,4,5,8,11,12,13,14,15","3,15",14.162764265053283
20,20,4.9545848073984144,0.9172986876125011,"4,11,13","3,4,5,12,15",18.268027733124118
21,21,1.996021970433337,6.939483978466646,"1,3,4,5,6,7,11,13,14","3,4,6,7,8,9",10.463788593435249
22,22,3.6010470715581966,0.0,"1,6,11,12,15",N/A,20.827623855101297
23,23,0.6416532419427046,1.47586081970157,"1,2,3,7,10,12,13,14,15","2,5,6,9,10,11,13,14,15",7.913043271836466
24,24,3.283169119364313,7.999465685971854,"1,2,3,4,5,6,7,8,9,10,11,12,13,14,15","3,5,6,7,9,10,11",20.96470563124954
25,25,3.381062175759426,3.9738117475511006,"1,3,5,6,7,9,10,11,14","2,3,4,5,6,7,8,9,10,11,12,13,14",13.731638331954764
26,26,0.9165180538229201,7.278989459430214,"1,6,7,8,10",1,22.412454254015124
