,Job ID,Stage-1 Processing Time,Stage-2 Processing Time,Stage-1 Machines,Stage-2 Machines,Due Time
1,1,4.3916981718864845,2.802954399119489,"1,3,4,5,7,8,10,11,12,13,14,16","4,10,11,14,15",21.58834474029248
2,2,1.587341020945101,1.633662734788206,"2,3,4,5,6,7,8,9,12,13,16","1,4,6,7,8,9,10,11,12,14",19.785422381646264
3,3,3.3091348124039732,4.857661131425376,"3,4,5,6,9,11,16","1,3,4,5,6,7,8,9,10,11,13,14,15,16",19.43023999379089
4,4,6.131816916482952,2.6902240060375915,"1,2,3,4,5,6,7,8,9,11,14,15,16","1,2,3,4,5,6,7,8,9,10,11,12,13,15,16",20.90752440841503
5,5,4.132226133880817,5.213163566884847,"1,2,5","3,4,7,9,15,16",12.43040885027403
6,6,3.6208008204317723,2.257315387886952,"1,2,3,4,8,10,11,12,13,14,15,16","1,3,14,15",14.165534598330147
7,7,7.391398282764127,3.0621385661179037,"4,5,6,10,11,13","7,10,12,15,16",23.589861394485382
8,8,2.8386562454144104,4.551023013984335,"5,6,7,14","1,3,4,6,8,9,10,11,12,13,15,16",8.273009759095098
9,9,7.143533722169895,5.026890495108499,"4,6,8,9,12","2,3,4,5,6,7,8,9,10,11,12,13,14,16",17.034180827678785
10,10,3.4835618251031564,3.7096807524832363,"1,3,6,10,12,13,14,15","1,3,4,6,8,9,10,11,13,14,15,16",9.135507493505587
11,11,1.7105845502945216,2.2542546758050976,"1,2,3,5,7,9,10,12,13,14,15","1,2,3,4,6,7,8,9,10,12,13,14",6.333891098844642
12,12,7.0858552105949215,9.79910005004893,"1,2,5,6,7,14","2,4,5,7,10,16",19.454398067118976
13,13,4.165315852320484,3.013222765081447,"1,3,4,5,7,9,10,11,13,14,15,16","1,2,3,5,6,7,8,10,11,13,14,15,16",22.500460594629715
14,14,7.562609029514418,9.772779300520444,"1,2,6,7,8,9,11,13","5,11",18.27351057469894
15,15,7.29554086567132,9.473406181169906,"2,3,5,6,7,8,10,13,16","2,3,4,5,6,8,9,10,12,13,14,15,16",23.872467118999083
16,16,4.428297175544004,8.873983456480353,"2,8,13",4,18.890944085302706
17,17,3.14329417518987,7.59291201269535,"8,9,12",12,17.064430341657964
18,18,7.916490799391167,2.259840802647004,"1,4,5,6,7,8,10,11,12,14,15","1,4,5,7,8,10,11,12,14,16",19.840979280927748
19,19,6.131756569312285,3.03412650642091,"1,4,6,8,9,10,11,12,13,15,16","2,3,6,7,8,10,11,13,14,15,16",18.62978639930557
20,20,9.068287354882317,0.0,"1,4,8,13,14",N/A,19.84071023888545
21,21,5.750437293861249,0.0,"3,4,6,7,8,9,10,13,14,15",N/A,20.77794948656153
22,22,3.1147337033858835,0.6522343973724798,"9,12","4,13",11.184425807836261
