,Job ID,Stage-1 Processing Time,Stage-2 Processing Time,Stage-1 Machines,Stage-2 Machines,Due Time
1,1,2.2827490478156056,3.57347744603161,"3,4,5,7,8,9,10,11","2,3,4,5,7,9,10",9.289437932407445
2,2,0.9767771095972355,2.9236134661330104,"5,8,10","1,2,3,4,6,7,8,9,10,11",22.07142620647431
3,3,0.5194648862721596,0.6700550101989278,"2,3,4,5,8,9,10",9,16.654258425309244
4,4,8.953486407394088,0.0,"1,3,4,5,6,8,10",N/A,13.50708033577594
5,5,0.657473472124348,3.2784301752274416,"2,4,6,9,10,11","2,4,5,7,8,11",15.839575954662514
6,6,0.6285075525578276,0.0,"1,2,3,4,5,6,7,8,9,10,11",N/A,14.499025844401007
7,7,7.3367090632631085,1.814419676810618,"2,9,11","4,5",19.08574159451315
8,8,0.921315200759959,5.341279941167567,3,"1,2,5,8,9,10,11",6.523359622695175
9,9,4.397097511579366,1.6812684177671477,"4,5,7","1,5,6,7,8,9,10,11",22.338525858767063
10,10,4.244449946081733,9.750625433934328,"1,2,3,4,6,7,8,9,10,11","1,2,3,4,5,6,8,9,10,11",18.170253548693918
11,11,7.321639415929222,0.0,"2,4,9",N/A,19.15762866153254
12,12,2.507335613298489,7.792918340174083,"2,6,7","1,3,8,9,11",11.11864056477553
13,13,1.6083351571145355,0.0,"2,4,5,6",N/A,19.731644006215845
14,14,5.700868614704429,5.381947829884899,"7,8","1,2,3,5,6,7,9,10,11",19.221313951773457
15,15,9.793250993926291,0.0,"1,2,3,5,8,9,10,11",N/A,17.095903506889698
16,16,2.4275748829218644,9.378655430181952,"1,2,4,6,7,8,9,10,11","5,6,9,11",21.808501211267085
17,17,6.105788535553215,7.026372320873003,"4,6,9","1,2,3,4,5,6,8,10",21.273072716411026
18,18,5.381603850693885,0.0,7,N/A,15.707943531625077
19,19,3.561962524605545,0.15342345375193966,"6,7","2,4,6,7,9,11",6.925646738717848
20,20,5.250894028157704,6.717788983371637,"1,4,5,6,7,10,11","1,2,3,4,5,6,7,8,9,10,11",14.215356108244313
21,21,7.277678859411752,0.0,11,N/A,16.91721408400511
22,22,2.2767978889474993,1.2026403102452943,"1,2,3,4,5,7,9,11","4,7",14.015818750520346
23,23,4.900401000400897,0.7895613608788632,"2,5,6,7,10,11","1,2,3,4,7,8,9",12.02453832463948
24,24,4.3415205094021765,1.667137040761778,"2,3,4,5,6,7,8,9,10,11","1,3,4,7,11",18.53026393126961
25,25,9.997777342391515,8.238114741779844,"2,4,5,8,10","1,2,3,5,7,10,11",20.383639488319616
26,26,7.542411888534812,8.849643985246402,"2,3,6,8","2,7,11",19.946513677513376
27,27,9.386545240959085,9.908112689408949,"1,3,4,5,7,9,11","2,3,5,6,7,8,10",22.31661435853186
28,28,0.4027113066722743,0.0,6,N/A,17.11489046641859
