,Job ID,Stage-1 Processing Time,Stage-2 Processing Time,Stage-1 Machines,Stage-2 Machines,Due Time
1,1,9.798755694663296,7.443341216593873,"2,4,7","1,2,4,5,6,7",22.77391626296575
2,2,5.331077380796961,0.0,"1,2,3,4,5,7",N/A,11.641079411572724
3,3,0.4677483045677788,1.568413030815562,"1,7","1,4,5,6",11.781633436297323
4,4,6.0822051192372815,0.0,"1,2,3,4,5,6,7",N/A,21.006414478957737
5,5,3.6679093994235776,5.548663421497278,"1,3","1,3,4,5,6",23.616831291271858
6,6,8.0224321608986,9.0196575005639,"1,2,3,4,5,6,7","2,4",20.22872929746627
7,7,4.22590689273027,0.0,"1,2,5,6,7",N/A,22.137525920082098
8,8,6.483262242805603,3.586729019104311,"1,2,3,4,5,7","1,3,4,5,6,7",11.313669375594092
9,9,3.715411921348355,6.922867707364722,"2,6,7","1,6,7",15.319228142621107
10,10,3.3616651204788073,1.233892113981413,"1,2,3,4,5,6,7","1,3,5,6",18.343336538247666
11,11,0.6995920727360561,0.0,"1,2,3,5,6,7",N/A,12.926860360584335
12,12,2.2022426009176197,5.494341902502189,"2,4,5,6,7",3,10.28124826402622
