,Job ID,Stage-1 Processing Time,Stage-2 Processing Time,Stage-1 Machines,Stage-2 Machines,Due Time
1,1,8.617819250639569,9.03527683445969,"1,2,3,8","1,2,5,6,7",23.921497332678918
2,2,0.9424493869176753,7.224929041401456,"3,4,6","2,4,6,7",9.849719101853294
3,3,4.367662185811273,0.6987480658914802,"2,4,6,8","1,2,3,4,5,6,7,8",13.55775934725352
4,4,1.8405574407920933,4.64803941291304,6,6,6.992117684865264
5,5,1.0799587459231874,1.589532827355804,"1,2,3,4,5,6,7,8","1,2,4,5,6",12.980220746938656
6,6,8.229707432474902,0.0,"6,8",N/A,21.71383410196232
7,7,2.3092174093446918,0.0,"7,8",N/A,20.54734575583054
8,8,8.533308530274228,8.836118399227848,"1,2,3,4,5,6,7,8","4,6,7,8",21.771071923293285
9,9,1.222078639290728,4.749776695543833,"2,4,7","1,2,3,4,5,6,8",10.921452188873799
10,10,0.3047110543159126,0.0,"1,4,7,8",N/A,11.71383536069874
11,11,4.865574820531541,2.025538261328382,"2,3,7,8","1,3,4,5,6,7,8",8.557538108756088
12,12,2.9279536475052304,1.4932837528817677,"1,3,4,5,6,8","1,2,3,4,5,6,7,8",6.1038998450468664
13,13,0.5133741306208295,6.957060950873803,"1,2,4,5,6,8",6,22.171675477692663
14,14,0.12114055586329942,1.7212229952837166,"3,4,5,6,7","1,2,3,4,5,6,8",15.72166710297041
15,15,9.017862852357524,5.416650250396194,"2,8","1,4,5",22.292605556261865
16,16,8.221658925090775,9.959769625445809,"1,2,3,4,5,6,7,8","1,2,3,5,6,8",20.17429968650751
17,17,7.80045770611091,0.3835138900057877,"1,2,6","2,3,5,6,7",15.432247338764377
18,18,7.53326394168162,7.921030744315547,"4,6,7","1,2,4,5,6",18.725532867956584
19,19,8.296077534624029,0.009779240758615027,"1,3,5,7,8","3,4,6,7",16.02449745389187
20,20,3.8422424685073784,7.037020416768564,2,"1,2,3,4,5,6,7,8",13.591139075309528
