,Job ID,Stage-1 Processing Time,Stage-2 Processing Time,Stage-1 Machines,Stage-2 Machines,Due Time
1,1,8.51959903385979,6.81769713106382,"2,3,4,5,6,7,8","1,2,3,4,5,6,7,9",21.02252476775101
2,2,4.996425173432466,4.8130255707625285,"1,5,6,7,8,9","1,2,3,4,5,6,8,9",18.96702285451619
3,3,2.431419559520335,0.0,"6,7",N/A,13.883014298328794
4,4,7.026982177291096,3.304727408851117,"1,2,5,8","5,7",21.751915330498313
5,5,5.832546963795998,1.2011796173189593,"2,3,4,5,6,7,8,9","1,3,4,7,9",15.376577080631321
6,6,2.0481515793675475,1.9893248563507548,"1,4,5,7,8","1,2,3,4,6,7,8",21.460167129511532
7,7,6.8923304756961805,2.8513953577700804,"1,4,6,8,9","4,7,8",12.377325913614627
8,8,5.2633775350099965,0.0,"1,2,3,4,5,6,7,8,9",N/A,12.98812311051868
9,9,1.7912261896231219,3.5656173345508257,"2,3,7","1,2,3,4,6,7,8,9",6.045618166346698
10,10,4.9014103736802275,7.34489503687395,4,"1,2,3,4,5,6,7,8,9",13.767649027056025
11,11,5.036260518831299,6.975449805095341,"2,4,5,6,8","2,3,4,5,6,7,8,9",18.141404763383743
12,12,8.267040248824717,0.0,"2,3,4,7",N/A,22.00221759452068
13,13,4.925286986825576,0.0,"2,3,5,6,7,9",N/A,16.905710130342023
14,14,9.400031456171718,4.338148018060981,"2,3,4,5,7,8,9","1,2,3,4,5,7,8,9",23.04026542888639
15,15,5.260284359369192,3.530969221975261,"1,6,8",6,12.478604994530393
16,16,9.74274655048232,9.23201768806987,"2,3,4,5,6,7,8,9","1,3,5,6,8",21.70369903762755
17,17,0.7115329668163906,9.410373986085212,"7,8","4,5,7,9",21.529863518936494
18,18,4.011385618513952,7.8176020802000545,"1,2,6,7","1,2,3,4,5,6,7,8,9",13.807491909271384
19,19,8.858263137016209,5.07204175010663,"1,2,3,4,6,7,9","2,3,4,5,6,7",16.691356783315015
