,Job ID,Stage-1 Processing Time,Stage-2 Processing Time,Stage-1 Machines,Stage-2 Machines,Due Time
1,1,0.9706082093151036,5.746028297785547,"4,5,6,10",3,14.993773863946824
2,2,7.771754490546961,6.856244443308446,"2,8,10","2,3,8,9",16.348401771115665
3,3,8.47240842767951,9.079721780739794,"1,5,6,7,8,9","1,2,3,5,6,7,8,9,10",21.26268301761888
4,4,0.44490403074206597,5.369255663808705,"1,2,3,4,5,7,9,10","2,4,6,10",23.006444162581346
5,5,1.8944192318193076,5.634044609544281,"1,2,5,7,8,9","1,2,3,4,5,7,8,9",20.926397108615987
6,6,7.378291781371527,0.8832966546571674,5,"1,2,3,6,7,8",22.877758404526475
7,7,3.382206892797347,4.921177402460048,2,"1,2,3,6,7,9,10",11.725437640728144
8,8,4.867257437226211,0.17083593155261867,5,"1,2,3,7,9",20.318755699294236
9,9,4.554355841546873,7.882693713161332,"1,2,4,5,6,9,10","2,3,4,7,8,9,10",22.531300564886394
10,10,9.581421944171817,2.8595240825830306,"1,3,4,6,8,9",8,17.055356017268256
11,11,1.5842392477569645,0.0,"1,2,3,4,7,8",N/A,10.486958379611416
12,12,3.363442953517748,3.1309523505346313,"2,6,8,9","4,6,9",11.62200833658374
13,13,3.8782799727519213,7.96362848777874,"2,4,5,6,7,9,10","2,5",18.882325795080774
14,14,7.681810575126341,5.9109362993499595,"2,3,4,5,7,8","2,3,4,7",21.956998720406382
15,15,8.021536404666312,6.665995435814893,"1,2,3,4,5,6,7,8,9,10","5,6,8",15.440415901525867
16,16,0.7498217957616804,2.7897376282905393,"2,6,7","1,2,3,4,5,6,7,8,9,10",6.662355102269678
17,17,5.484680366912253,5.108239725492501,"4,6","2,3,4",11.864541633033149
18,18,9.18912114655111,4.148060948498364,"4,8",5,23.732939607559658
