,Job ID,Stage-1 Processing Time,Stage-2 Processing Time,Stage-1 Machines,Stage-2 Machines,Due Time
1,1,8.845117332725287,5.031986515478527,"1,2,4,7,8,10,12,13,14,15","1,8,15",16.831783525428534
2,2,9.607308417267852,8.008791813549006,"1,2,3,4,6,7,11,12,13,14,15","5,12",23.213806716502777
3,3,9.292286620736634,2.515983110644978,"1,2,7,8,9,12,14,15","1,3,9",17.313722644800045
4,4,1.3943866181859632,9.126436040229937,6,"5,7",23.34714950472754
5,5,5.857820037446522,0.0,"1,2,5,6,8,11,12",N/A,21.21737526038553
6,6,4.832121029199784,3.544071372174061,"1,2,3,4,5,7,8,10,11,12,14,15",1,14.021496522116404
7,7,7.176558467353997,4.826581485825257,"1,2,3,4,5,6,7,8,10,12,14,15","1,2,5,6,7,8,10,11,12,13,14,15",12.293916819971725
8,8,1.9472174962788458,9.779411227228483,"1,2,4,5,6,7,8,9,10,11,12,13,14,15","2,3,4,5,6,7,8,9,10,14,15",13.443987581169619
9,9,3.668089651105949,2.339837785689769,12,"2,3,4,6,8,15",8.010766059326256
10,10,4.686266478649909,7.64281632284969,"3,5,6,8,9,13,14","1,2,5,7,8,11,12,13",15.621298024192814
11,11,4.5891253785499355,2.22229231100054,"1,2,3,4,5,6,7,10,12,13,14,15","1,5,11",15.842695860256782
12,12,3.2202946108639106,6.142743726855338,"1,13,15",11,17.624686325001637
13,13,8.798916770420588,7.524489108864136,"1,10","1,2,3,4,5,6,7,8,9,10,11,12,13,14,15",21.865194263410743
14,14,9.558412794503845,6.68202597332424,"1,5,6,7,8,12",12,17.438686677436316
15,15,6.679449772609041,0.6817719145360679,"3,5,6,8,12,13,14","5,7",8.209014945035186
16,16,2.4266985033359614,6.596250662231488,"9,12","2,3,5,7,10,12,13,15",10.059795596767335
17,17,5.307587584872215,8.073117670181876,"1,7,8,15","2,3,5,6,7,8,11,12,14,15",20.715912656839613
18,18,1.9992464281460642,4.347183523370811,"5,6","1,4,6,7,10,11,12,13,14",20.84041003620603
19,19,8.103237451214799,6.8245043795744165,"1,3,5,10","1,4,5,6,8,11,12",20.00132700445173
20,20,1.3678654058663298,2.980022855788327,"2,3,4,6,7,8,9,10,15","4,5,6,10,12,13,15",15.835886258445788
21,21,1.263369361855502,7.98337126648642,"2,6,9","1,2,3,4,5,6,7,9,10,11,12,14,15",17.406734541463038
