,Job ID,Stage-1 Processing Time,Stage-2 Processing Time,Stage-1 Machines,Stage-2 Machines,Due Time
1,1,4.267255151321968,4.200254339841191,"1,3,4,6,7,8,9,10,12,13","1,2,3,4,5,6,7,8,9,10,11,12",15.087798619876441
2,2,8.756294888149046,7.263931441368752,"2,5,7,10,13",7,22.04681433268834
3,3,0.14167406383094328,0.0,"3,4,13",N/A,11.789057578213596
4,4,7.637893120662566,5.634396187777229,"2,3,4,5,6,7,8,9,12,13","1,2,4,5,6,7,9,10,11,12,13",14.750140034138004
5,5,1.3153344107975973,8.083612909945279,"1,2,3,4,5,6,7,8,9,10,11,12,13","1,2,3,5,7,8,13",17.963512429630264
6,6,6.595233395702164,0.0,"1,2,3,4,5,6,7,8,9,10,11,12,13",N/A,20.934103590222563
7,7,5.902979228528878,8.619298245724455,"1,3,4,5,6,9","3,7,9,10,11,12,13",17.143615657639728
8,8,9.786312698719206,6.058415324656497,"2,3,5,7,8,9,10,11,12","2,3,5,7,9,12,13",20.54872732874654
9,9,9.913514114648471,0.0,12,N/A,22.89926578762525
10,10,1.482955167926494,0.0,"1,2,4,7,9,11,12,13",N/A,19.959628886775377
11,11,7.813234832670043,3.6338657412905615,"1,2,3,5,6,8,9,10,11,12","1,2,3,7,11,12",16.406333791400556
12,12,6.853763958357231,0.0,"1,2,3,5,6,7,10,11,13",N/A,22.651582485781816
13,13,6.398495125873286,9.082891949339462,"4,5,7,8,11,12","1,3,5,6,7,8,10,13",17.548452898359727
14,14,3.5251529191179753,5.320462062543565,"1,2,3,4,6,7,8,9,10,11,12,13","1,2,3,4,5,6,7,8,9,10,11,12,13",20.178004181197366
15,15,6.665426091645298,4.247978293367412,"1,8,9,10,11,13","1,7,8,11,12",15.159184298864588
16,16,6.773223407605444,5.722592297322473,"1,2,3,4,5,6,7,8,9,10,11,12,13","1,2,4,5,6,7,8,9,10,12,13",23.65931613660568
17,17,8.781889142651295,2.531973852160877,"1,2,3,4,5,6,7,8,9,10,11,12,13","3,4,5,7,8,9,10,11",19.20020736555853
18,18,0.15444312091364987,1.848925515140728,"4,6","1,3,4,5,6,7,8,10,11,12",21.46496704288868
19,19,8.302786166983116,9.019467617101075,"1,7,8,10,11,13","1,2,3,4,5,6,7,8,9,10,11,12,13",19.26377021327869
20,20,3.83679062560198,6.528781413374254,"1,3,10,11,13","1,2,3,4,6,7,8,9,10,11,12,13",19.242901313653157
21,21,0.5426442747471283,0.0,"1,4,5,7,8,9,10,12",N/A,19.311525287745418
22,22,5.381696862869641,0.0,"2,6,11",N/A,21.182829647555018
23,23,7.7742390363713,6.667232922701349,"3,6,9",8,21.372855308361476
24,24,7.605763424194044,0.0,"1,2,3,4,5,6,7,8,9,11,12",N/A,18.5482755700556
25,25,2.046039071035086,8.632938575348255,"4,5,9,10,11","1,4,7,9,10,12",14.675567325925527
