,Job ID,Stage-1 Processing Time,Stage-2 Processing Time,Stage-1 Machines,Stage-2 Machines,Due Time
1,1,9.579682449185826,1.9481767698930963,"1,2,6,9","1,2,3,4,6,9,10,11",20.593415395424575
2,2,9.950458988459083,7.454970057095922,"1,4,5,7,9","1,2,3,4,5,6,7,8,9,10,11,12",19.089818117859448
3,3,4.335497173606015,0.0,"1,2,3,4,5,6,7,8,9,10,11,12",N/A,22.862587479374408
4,4,1.0881436472672845,1.5593942374467384,"1,2,3,4,5,6,7,8,9,11,12","4,10",6.856527214725187
5,5,6.854032815146434,1.2466953176533913,"1,2,3,5,6,7,8,9,10,11,12","1,3,4,5,6,8,9,12",11.375488024915105
6,6,0.65643790138604,4.760550201146927,8,"2,6,10",23.69420143071269
7,7,3.459742101821801,9.008114806956021,5,"1,2,3,4,5,6,7,8,9,10,11,12",13.19338231272432
8,8,7.095638226042706,2.8204260354541653,"1,2,3,4,5,7,9,10,11,12","1,2,3,4,5,7,8,9,10,11,12",19.79831933580534
9,9,0.4160728068118347,9.899982237657339,"1,2,3,6,8,9,10","1,7,9,12",16.733649192074402
10,10,7.223438739144104,9.19814446014661,"7,11","1,3,4,5,6,7,8,9,10,11,12",18.452437327013122
11,11,7.348573801361661,4.220251035119491,7,"1,3,4,5,6,7,9,10",11.680843360508584
12,12,7.555014182659693,2.18190823506619,"1,2,5,6,10","2,3,5,6,8,11,12",18.29121527640517
