,Job ID,Stage-1 Processing Time,Stage-2 Processing Time,Stage-1 Machines,Stage-2 Machines,Due Time
1,1,8.350070852312449,3.5650358260640838,"2,11","1,2,4,5,11,12",15.52350917551453
2,2,4.8497626815703,0.0,"2,3,5,12",N/A,16.802442838827496
3,3,8.138441829926851,5.298793423289771,"2,3,4,6,8,9,10,11,12","2,5,9,11",18.660226982593475
4,4,8.394901182949477,8.283809198993028,"2,3,4,6,7,8,9,10,11,12","1,2,3,4,5,6,7,8,9,10,11,12",22.323639159227206
5,5,9.472872679153504,0.0,"1,2,3,4,5,6,7,8,9,10,11,12",N/A,16.564617218325292
6,6,8.96421034112274,0.0,"1,2,4,6,7,8,9,10,12",N/A,22.80732914442251
7,7,4.255459911086882,4.7892765670260316,4,"1,2,6,7,8,11,12",21.09882545575927
8,8,6.018011547257145,7.65092593499361,"7,8,9,12","1,2,3,4,5,6,7,9,10,11,12",18.054998263771456
9,9,7.559897952479078,5.018363867076862,"2,3,4,5,7,8,9,10,11,12","1,2,3,4,6,8,9,10,12",20.306027254263867
10,10,5.339865913639546,0.0,"1,2,3,6,7,8,9,10",N/A,14.421578519609692
11,11,7.312504929051031,1.1472113281889973,"2,5,12","4,10,11",9.707059866544714
12,12,7.7418665527830814,8.179690700415192,"5,6,7,9,12","4,5,6,8,10,11,12",18.10903015018608
13,13,2.948894182688677,0.8071672167334432,6,"1,2,3,4,5,6,8,9,10,11,12",18.95846885542584
14,14,1.3875689683402537,6.159610841646165,"1,4,5,6,9,10,11,12","11,12",13.351944277957156
15,15,2.4576399137879426,0.0,"2,3,4,6,7,11",N/A,19.287276836372836
16,16,6.369668276795627,7.991300244379006,"1,2,3,4,5,6,7,8,10,11,12","1,2,3,4,5,6,7,8,9,10,11,12",18.72812797185454
17,17,0.9097526466782113,3.1415214945569927,"2,4,5,8,9,11","1,2,3,6,8,9,10,11,12",22.691351469836622
18,18,5.93460765716865,0.0,"3,8,9",N/A,21.9205689747447
