,Job ID,Stage-1 Processing Time,Stage-2 Processing Time,Stage-1 Machines,Stage-2 Machines,Due Time
1,1,6.078602692260263,8.522165311384619,"2,5,7,9,10,11,15","1,2,3,4,5,6,7,8,9,10,11,12,13,14",15.874310732483195
2,2,9.054876419982577,6.709265983516872,"2,3,8,9,11,12,15","1,2,3,4,5,6,7,8,9,10,11,12,13,14,15",23.279427917814402
3,3,2.880357513563292,0.0,"3,4,7,9,10,11,14",N/A,16.780568099647077
4,4,0.5743468594828205,0.0,"1,2,4,5,6,7,8,9,11,13,14,15",N/A,7.627638549425265
5,5,2.039979930487812,0.0,"1,2,3,4,5,6,7,8,9,10,11,12,13,14,15",N/A,18.768243937936813
6,6,1.9246316666583985,5.11043219043546,"1,2,3,4,5,6,7,8,9,10,11,12,13,14,15","1,2,3,4,6,8,9,10,12,13",16.73698347781312
7,7,3.4040893005735153,0.2822904782429736,"2,3,4,5,7,9,13,14","1,5,6,8,10,11,13,14,15",22.689266137977135
8,8,4.2791557176043895,3.679818461431359,"1,2,3,4,6,8,9,11,12,13,14","9,10",15.04366218835763
9,9,3.4090691345588766,3.635948409298541,7,"1,2,4,5,6,7,9,11,12",21.29130138661025
10,10,5.365470102815384,6.913172498187508,"5,8,11,13","1,6,7,8,9,10,11,12,13,15",23.8732380976489
11,11,9.377474280978735,5.270122714375953,9,14,16.87338609269631
12,12,1.405159900622811,0.8065760229191998,"7,9,14","2,6,7,13,14",11.496730510882106
