,Job ID,Stage-1 Processing Time,Stage-2 Processing Time,Stage-1 Machines,Stage-2 Machines,Due Time
1,1,0.221889898060722,0.0,"1,6,8,10,12,13,14",N/A,14.366304946443206
2,2,2.5446172757873398,8.800090977173388,"3,7,14",3,17.242553475220603
3,3,4.657380747572332,6.805042157716907,"2,4,5,7,8,9,12,14","1,2,3,4,5,6,7,8,9,10,11,12,13,14",12.968644860656713
4,4,1.1668162715849228,0.0,"2,4,5,8,10,12",N/A,22.159189913627564
5,5,9.294169993013005,3.8069209103914057,"1,2,3,5,7,8,12,13","2,5,8,10,11,12,14",20.964976745180973
6,6,3.3758073873883223,6.454940545403457,"1,2,3,4,6,8,9,10,11,12,13,14","1,10,12",13.36016630372223
7,7,5.686229009038621,3.3398376934509244,"1,2,3,4,7,8,10,11,12,13,14","1,2,3,4,6,7,8,9,10,11,14",19.954161955306176
8,8,5.96881779374622,1.87461271935505,"2,8,13","1,5,6,8,10,13,14",21.690604814511712
9,9,7.49226334113862,7.910076691684704,"1,3,4,5,6,9,10,11,12,13,14","1,3,4,5,6,7,9,11,12,14",19.98622602417099
10,10,5.912131401144912,8.541228548542353,"1,2,3,4,5,6,7,8,11,13,14","1,2,3,5,6,7,8,9,11,12,13,14",20.052275222183766
11,11,3.6504400685815988,0.0,"1,3,4,6,9,12,13,14",N/A,14.61706746763009
12,12,4.36620359926653,0.5753372956926806,"1,2,4,5,6,8,11,12,13,14","3,6,14",5.560550242000027
13,13,3.318464377517032,6.050209702905955,"4,7,9,10,11,12,14",11,22.26347119176763
14,14,9.071302194051926,0.0,"2,6,7,12,13",N/A,19.0905765405342
15,15,4.662224144314617,0.0,"6,10,11",N/A,17.605989072786684
16,16,8.51166183719431,0.5606577093537646,"4,10","1,3,4,5,6,13",9.245625854957659
