,Job ID,Stage-1 Processing Time,Stage-2 Processing Time,Stage-1 Machines,Stage-2 Machines,Due Time
1,1,9.346637541377481,9.354562348947697,"1,2,3","1,3,4,5,6,7",19.214701915774246
2,2,3.545731345016171,6.753062380709681,"2,5,6,7","4,5",20.060402629064527
3,3,4.111507618368253,6.817631316556806,3,"1,2,4,6",23.914985203880285
4,4,0.7039889718727799,7.199479821706656,"5,6,7","1,2,4,5",21.598348963358433
5,5,1.5697451907163962,3.732501236869136,"2,3,6","2,4,5",23.127774634849068
6,6,9.72708733326342,7.196943831659492,"1,2,3,4,5,6,7","1,2,3,4,5,6,7",22.20832745557344
7,7,8.025442940779751,4.980439623938474,"6,7",4,18.35301723637785
8,8,4.415804567866939,1.6537096993454647,"1,2,3,5,6,7","1,2,3,4,6,7",17.585261002538097
9,9,1.0456457260258412,5.591208509610276,"2,3,4,7",7,17.989866969862824
10,10,4.202282693290788,0.7834178022121396,"1,3,4,6","1,4,6,7",10.563497090463358
11,11,8.945598617812804,0.4273207654127986,"2,5","2,3,4,6",11.431785954317906
12,12,0.4410122003924044,0.8071776440388156,"1,7","1,3,5",14.260471287661737
13,13,9.762795461717772,7.104867314380957,"1,2,4","1,2,4,6,7",20.31621916496963
14,14,3.3886926783156324,3.8185407261874706,"2,4","1,2,3,4,5,6,7",20.451542167398816
15,15,8.681072077157753,4.821714113624472,"2,4,5,7","1,3,5,6,7",20.537647645093685
