,Job ID,Stage-1 Processing Time,Stage-2 Processing Time,Stage-1 Machines,Stage-2 Machines,Due Time
1,1,1.3013494442413431,8.85572804555272,"1,6,11,16","1,2,3,5,8,9,14,17,18",12.769629832311635
2,2,6.845341169778044,8.519008826390547,"3,6,8,9,11,13,18","8,10,12,16,17",21.229060359327384
3,3,6.751421186966017,7.321662863177931,4,13,15.707329981768446
4,4,6.345439382810024,0.0,"3,9,12,14,15,16",N/A,13.214815689865363
5,5,0.9502643111729003,8.810674863974253,"2,4,6,11,12,14,17,18","1,2,3,4,5,7,8,10,11,14,15,16,17",17.6596937747346
6,6,0.7824518409963965,8.56690259123495,"1,4,5,6,7,8,9,11,12,13,16,17,18","1,2,3,4,5,6,7,8,9,10,11,12,14,15,16,17,18",12.499372722879075
7,7,7.86660844824298,7.07901507560921,"5,9,10,12,13,16,17","1,13,14,17,18",19.87607054168097
8,8,4.534272441479919,6.495380736735736,"1,2,3,5,6,7,8,9,11,12,13,15,16,17,18","1,2,3,4,5,7,8,9,13,14,15",11.358273068820399
9,9,0.284692124965803,8.804423092029328,"13,18","1,12,14,15,18",17.008522874545765
10,10,8.515726602525511,8.502796207607519,"1,2,3,4,5,6,7,8,9,10,11,12,13,14,15,16,17,18","2,12,13,14,17",19.003317881648297
11,11,3.8010826436904708,1.498096773075569,"1,2,3,4,5,6,7,8,9,10,11,12,13,14,15,16,17,18","2,4,5,6,7,9,11,12,13,14,15,16,17,18",14.725842061275618
12,12,2.2225327406470843,0.4774780149220448,"2,5,9,10,11,18","1,3,4,8,9,13,14,16,18",4.954243289919571
13,13,1.0778043224675649,4.489601079087472,"1,2,3,4,5,7,8,9,11,12,14,15,16,17","1,3,5,10,11,14,17,18",21.91952012854386
14,14,8.489884434549417,8.32663877812281,5,"12,13,14,16",19.753464822124993
