,Job ID,Stage-1 Processing Time,Stage-2 Processing Time,Stage-1 Machines,Stage-2 Machines,Due Time
1,1,9.348485773662256,2.7486947526956085,"1,2,3,5,6,7,9","2,8",12.183336615510687
2,2,8.717784209739964,7.362265679181824,"1,2,3,5,6,7","1,3,5,6,7,8,9",19.532191061118
3,3,2.2853140249819806,1.952929605927366,"1,2,3,5,6,8,9","1,2,3,4,5,6,7,8,9",6.332111376927145
4,4,3.9873166100163395,3.852195481791144,"1,2,3,4,5,6,8,9","1,5,6,7,8,9",10.306676298550325
5,5,3.9587554227265755,7.017381178597838,"1,2,3,5,7,8,9","1,2,3,4,5,6,7,8,9",19.54747148519516
6,6,7.6723452127640215,0.0,"1,2,3,4,5,6,7,8,9",N/A,21.52481683089261
7,7,4.124557936686715,3.785878327809893,8,"2,4,5,7,9",13.65831399099229
8,8,2.420872327043134,3.6900174250074826,"1,2,4,5,7,8","1,3,4,5,7,8,9",15.132345272165558
9,9,4.992229327718479,7.901820777500089,"3,4,5,7,8","1,2,3,4,5,6,7,8,9",20.48503340656664
10,10,5.639712683039616,8.34874022677106,"1,2,3,4,5,6,7,8,9","5,6,7",23.608633574208717
11,11,5.0354593812315365,7.225576693108709,"1,4,5,6,7,9","1,2,3,4,5,6,7,8,9",15.25737009984385
12,12,8.052275893062589,1.587969774845177,"5,7,8","3,4",17.556129915624233
13,13,2.0758253100921387,6.661454271573032,"2,6,9","1,3,4,5,6,7,8,9",19.308804588887206
14,14,0.7357476197624846,1.6759836130207928,"1,2,4,5,6,7","2,3,6,7,8,9",10.794149541356319
15,15,1.177790012718981,0.0,"1,3,4,5,6",N/A,13.875781928567257
16,16,3.7619333498956964,7.7498861483893124,"2,3,6,7,8,9",8,22.898633603497657
