,Job ID,Stage-1 Processing Time,Stage-2 Processing Time,Stage-1 Machines,Stage-2 Machines,Due Time
1,1,9.944257564587106,0.0921357387893329,"7,9,11",10,16.11337568530293
2,2,8.049362678323522,1.8455942583760776,"1,2,3,4,5,6,7,8,9,10,11,12,13,14,15,16,17","3,7,8,9,11,12,13,15,16,17",12.956762208161877
3,3,9.55133059867627,0.0,"1,2,8,11,12,14,15",N/A,23.376239351064797
4,4,8.165074116106464,2.3882301457452773,"1,2,3,4,5,6,7,10,11,12,13,14,16,17","1,2,3,4,7,8,10,11,13,16,17",22.816473326955382
5,5,4.6873051507053,9.680301136320576,"3,5,6,7,8,9,10,11,14,15,17","1,2,7,12,16,17",22.775856527331015
6,6,7.495325360902858,0.0,"2,6,7,10,12,13,16",N/A,22.804046269288285
7,7,4.973043692283089,0.0,"1,4,6",N/A,20.081152043183863
8,8,1.626596323785503,0.0,"1,3,4,5,7,9,10,11,12,13,14,15,16",N/A,22.713628104446272
9,9,5.458289555293482,7.2983511513593635,"1,2,3,5,6,7,8,12,13,15,16,17","2,4,5,6,9,11,13,17",13.973478861798062
10,10,7.096747352134155,0.0,"5,7,9,11",N/A,16.45436864404005
11,11,5.474099189063335,6.208755519863974,"1,2,3,5,6,9,10,11,12,14,15","3,6",18.34660697563254
12,12,8.089861188711406,8.802617566361407,"2,3,4,5,6,7,8,9,10,13,15","1,2,6,8,9,10,12,13,14,16,17",21.154557850644157
13,13,7.693431166869601,2.117726002486685,"1,2,3,4,5,6,8,9,10,11,12,13,14,15","1,2,3,4,6,7,8,9,10,11,12,13,14,15,16",10.046693268839022
14,14,6.1498794821240255,4.246399393009451,17,"1,2,4,5,13,15,16",14.25562132771173
15,15,2.438894258947676,0.9485864646309783,"3,4,5,9,13,14,15","1,6,10,14,17",17.1059159847248
16,16,2.91979992431759,3.561815992750117,"3,7,9,10,15","2,3,4,5,6,7,8,10,11,12,16,17",11.054507260811857
17,17,5.555489720808383,0.0,"1,2,3,4,6,8,9,11,13,14,15",N/A,20.412781403915584
18,18,3.9860541311849484,2.3079029090254455,"8,12","1,3,4,6,7,8,9,10,11,12,13,16",21.64574627563533
19,19,4.2817848521451465,1.8835691675446031,"2,5,14","1,3,4,6,7,8,10,11,14,17",23.550068198558925
20,20,6.916123159989214,5.823046760677171,"2,3,5,6,7,8,10,11,12,13,14,15,16,17","3,4,5,8,10,11,14,15,16",16.141075758203662
21,21,0.7753812758331358,3.285405787619222,"1,3,4,5,6,8,9,11,12,14,17","3,4,7,11,12,13",21.885951018798345
22,22,8.937456889601815,0.6883016113767781,"3,9,11,13,15,16,17","3,4,5,6,7,8,9,11,12,13,14,15,16,17",10.380112721860483
23,23,9.80269304435009,5.413102915304489,"1,4,5,9,15,16,17",4,20.47248816613539
24,24,4.617573628421755,1.0100875411147459,"1,5,6,7,9,10,12,13,14,15,16","1,3,6,8,13,14,16",13.583699542149677
