,Job ID,Stage-1 Processing Time,Stage-2 Processing Time,Stage-1 Machines,Stage-2 Machines,Due Time
1,1,4.868868897080412,0.8698076074971939,"2,4,5,6,8","1,5,6,7,8",10.34092358461362
2,2,4.76893583374798,6.938686566758112,"1,2,4,8","3,4,6,8",23.376707309078128
3,3,7.497206167896909,0.8817540047631911,7,"5,6,7,8",9.272225602895107
4,4,9.036249167766762,8.035729529724033,"1,4,6,7,8","3,4",21.244292355051243
5,5,3.134198947669139,0.6783023175788838,"1,2,3,4,5,6,7","1,2,3,5,6,7,8",10.459440885051016
6,6,1.640915909361581,6.670526561740675,"1,3,4,5,6,7","2,3,6,7",8.468283361141662
7,7,3.282699290620159,0.0,"1,3,4,5,6,7,8",N/A,22.229990310931132
8,8,7.389622736759957,1.4805305720361306,"1,3,7","1,2,3,4,5,6,7,8",9.922346226029806
9,9,0.5263199775043903,9.906304475777407,"1,4,7,8","2,6",18.62836073348903
10,10,9.453596084019324,1.2226405856895761,"1,3,4,5,6,7","3,8",19.913731385169992
11,11,0.15458028059673112,0.0,"1,4,5,6,7",N/A,22.35727313016067
12,12,5.034697846044077,0.0,"1,2,4,6,8",N/A,16.766220265809167
