,Job ID,Stage-1 Processing Time,Stage-2 Processing Time,Stage-1 Machines,Stage-2 Machines,Due Time
1,1,6.66607286399007,4.1104878904056,"1,4,5,9,10,11,12,15,16,19","2,3,4,7,8,9,10,11,13,14,15,19",20.62238482274013
2,2,1.8517061229860687,3.132056217311959,"1,2,3,4,5,7,8,9,10,11,12,13,14,16,17,19","1,2,5,7,8,10,11,12,13,14,15,16,17,18,19",12.536162163934785
3,3,8.282644281238872,5.4895151016347405,"3,5","1,2,5,6,8,10,11,14,16,17,18",23.656843492351946
4,4,9.381000462870531,5.4417801901223,"3,4,6,7,8,9,13,14,15,16,17,18","1,2,3,6,7,8,9,10,11,12,13,14,16,17,19",15.631103997070552
5,5,1.5408744715383627,0.0,"4,6,8,9,12,14,15,16,18,19",N/A,17.880782682013066
6,6,4.562932384586049,2.207881082023744,"1,6,10,11,12,14","2,3,4,5,7,8,9,10,11,14,15,16,17,18,19",13.832220872562466
7,7,4.9083445254210565,6.91559521176805,"7,12,18","1,4,6,7,8",19.03870964210755
8,8,7.989333639341152,9.81983260891277,"7,9,17","2,4,5,6,7,8,10,11,13,14,15,17,19",18.08831260282023
9,9,0.28111880116047483,6.297245450480403,"3,7,11,12,13,16,18","1,2,4,6,8,9,11,12,17,19",18.927571640630646
10,10,8.397873216476844,0.6993782619290168,"2,3,4,5,6,8,9,10,11,12,13,14,15,18,19","5,15",10.553393749067517
11,11,9.852615585248085,6.2763425140957025,"2,3,5,7,10,14,15,16,17,18,19","1,2,3,4,5,6,9,10,11,13,14,16,17,18,19",17.63933755042629
12,12,7.16667377621846,0.0,"1,2,3,5,6,9,10,11,12,13,17,18,19",N/A,19.920593425505885
